['Jimmy Garoppolo'],"['Pass TDsover', 1.5, 50.0]"
['Jimmy Garoppolo'],"['Pass TDsunder', 1.5, 57.44681]"
['Jimmy Garoppolo'],"['Pass Ydsover', 234.5, 53.48837]"
['Jimmy Garoppolo'],"['Pass Ydsunder', 234.5, 53.48837]"
['Jimmy Garoppolo'],"['Pass Completionsover', 19.5, 62.26415]"
['Jimmy Garoppolo'],"['Pass Completionsunder', 19.5, 42.55319]"
['Jimmy Garoppolo'],"['Pass Attemptsover', 29.5, 51.21951]"
['Jimmy Garoppolo'],"['Pass Attemptsunder', 29.5, 56.52174]"
['Jimmy Garoppolo'],"['Interceptionsover', 0.5, 53.48837]"
['Jimmy Garoppolo'],"['Interceptionsunder', 0.5, 53.48837]"
['Jimmy Garoppolo'],"['Longest Completionover', 35.5, 54.54545]"
['Jimmy Garoppolo'],"['Longest Completionunder', 35.5, 52.38095]"
['Jimmy Garoppolo'],"['Pass + Rush Ydsover', 238.5, 53.48837]"
['Jimmy Garoppolo'],"['Pass + Rush Ydsunder', 238.5, 53.48837]"
['Jimmy Garoppolo'],"['Rush Ydsover', 0.5, 56.52174]"
['Jimmy Garoppolo'],"['Rush Ydsunder', 0.5, 50.0]"
['Marcus Mariota'],"['Pass TDsover', 1.5, 35.08772]"
['Marcus Mariota'],"['Pass TDsunder', 1.5, 71.83099]"
['Marcus Mariota'],"['Pass Ydsover', 199.5, 51.21951]"
['Marcus Mariota'],"['Pass Ydsunder', 199.5, 56.52174]"
['Marcus Mariota'],"['Pass Completionsover', 17.5, 52.38095]"
['Marcus Mariota'],"['Pass Completionsunder', 17.5, 54.54545]"
['Marcus Mariota'],"['Pass Attemptsover', 27.5, 55.55556]"
['Marcus Mariota'],"['Pass Attemptsunder', 27.5, 51.21951]"
['Marcus Mariota'],"['Interceptionsover', 0.5, 50.0]"
['Marcus Mariota'],"['Interceptionsunder', 0.5, 57.44681]"
['Marcus Mariota'],"['Longest Completionover', 33.5, 54.54545]"
['Marcus Mariota'],"['Longest Completionunder', 33.5, 52.38095]"
['Marcus Mariota'],"['Pass + Rush Ydsover', 234.5, 53.48837]"
['Marcus Mariota'],"['Pass + Rush Ydsunder', 234.5, 53.48837]"
['Marcus Mariota'],"['Rush Ydsover', 30.5, 53.48837]"
['Marcus Mariota'],"['Rush Ydsunder', 30.5, 53.48837]"
['Marcus Mariota'],"['Rush Attemptsover', 6.5, 51.21951]"
['Marcus Mariota'],"['Rush Attemptsunder', 6.5, 56.52174]"
['Marcus Mariota'],"['Longest Rushover', 12.5, 52.38095]"
['Marcus Mariota'],"['Longest Rushunder', 12.5, 54.54545]"
['Kenny Pickett'],"['Pass TDsover', 1.5, 37.03704]"
['Kenny Pickett'],"['Pass TDsunder', 1.5, 70.14925]"
['Kenny Pickett'],"['Pass Ydsover', 233.5, 53.48837]"
['Kenny Pickett'],"['Pass Ydsunder', 233.5, 53.48837]"
['Kenny Pickett'],"['Pass Completionsover', 22.5, 50.0]"
['Kenny Pickett'],"['Pass Completionsunder', 22.5, 57.44681]"
['Kenny Pickett'],"['Pass Attemptsover', 36.5, 54.54545]"
['Kenny Pickett'],"['Pass Attemptsunder', 36.5, 52.38095]"
['Kenny Pickett'],"['Interceptionsover', 0.5, 68.25397]"
['Kenny Pickett'],"['Interceptionsunder', 0.5, 39.21569]"
['Kenny Pickett'],"['Longest Completionover', 33.5, 53.48837]"
['Kenny Pickett'],"['Longest Completionunder', 33.5, 53.48837]"
['Kenny Pickett'],"['Pass + Rush Ydsover', 256.5, 53.48837]"
['Kenny Pickett'],"['Pass + Rush Ydsunder', 256.5, 53.48837]"
['Kenny Pickett'],"['Rush Ydsover', 18.5, 52.38095]"
['Kenny Pickett'],"['Rush Ydsunder', 18.5, 54.54545]"
['Kenny Pickett'],"['Longest Rushover', 10.5, 52.38095]"
['Kenny Pickett'],"['Longest Rushunder', 10.5, 54.54545]"
['Tom Brady'],"['Pass TDsover', 2.5, 38.46154]"
['Tom Brady'],"['Pass TDsunder', 2.5, 68.75]"
['Tom Brady'],"['Pass Ydsover', 286.5, 53.48837]"
['Tom Brady'],"['Pass Ydsunder', 286.5, 53.48837]"
['Tom Brady'],"['Pass Completionsover', 26.5, 50.0]"
['Tom Brady'],"['Pass Completionsunder', 26.5, 57.44681]"
['Tom Brady'],"['Pass Attemptsover', 38.5, 52.38095]"
['Tom Brady'],"['Pass Attemptsunder', 38.5, 54.54545]"
['Tom Brady'],"['Interceptionsover', 0.5, 41.66667]"
['Tom Brady'],"['Interceptionsunder', 0.5, 64.91228]"
['Tom Brady'],"['Longest Completionover', 37.5, 53.48837]"
['Tom Brady'],"['Longest Completionunder', 37.5, 53.48837]"
['Tom Brady'],"['Pass + Rush Ydsover', 289.5, 53.48837]"
['Tom Brady'],"['Pass + Rush Ydsunder', 289.5, 53.48837]"
['Tom Brady'],"['Rush Ydsover', 0.5, 42.55319]"
['Tom Brady'],"['Rush Ydsunder', 0.5, 63.63636]"
['Daniel Jones'],"['Pass TDsover', 1.5, 38.46154]"
['Daniel Jones'],"['Pass TDsunder', 1.5, 68.25397]"
['Daniel Jones'],"['Pass Ydsover', 203.5, 53.48837]"
['Daniel Jones'],"['Pass Ydsunder', 203.5, 53.48837]"
['Daniel Jones'],"['Pass Completionsover', 18.5, 54.54545]"
['Daniel Jones'],"['Pass Completionsunder', 18.5, 52.38095]"
['Daniel Jones'],"['Pass Attemptsover', 28.5, 52.38095]"
['Daniel Jones'],"['Pass Attemptsunder', 28.5, 54.54545]"
['Daniel Jones'],"['Interceptionsover', 0.5, 52.38095]"
['Daniel Jones'],"['Interceptionsunder', 0.5, 55.55556]"
['Daniel Jones'],"['Longest Completionover', 33.5, 52.38095]"
['Daniel Jones'],"['Longest Completionunder', 33.5, 54.54545]"
['Daniel Jones'],"['Pass + Rush Ydsover', 244.5, 53.48837]"
['Daniel Jones'],"['Pass + Rush Ydsunder', 244.5, 53.48837]"
['Daniel Jones'],"['Rush Ydsover', 37.5, 53.48837]"
['Daniel Jones'],"['Rush Ydsunder', 37.5, 53.48837]"
['Daniel Jones'],"['Rush Attemptsover', 7.5, 53.48837]"
['Daniel Jones'],"['Rush Attemptsunder', 7.5, 53.48837]"
['Daniel Jones'],"['Longest Rushover', 12.5, 53.48837]"
['Daniel Jones'],"['Longest Rushunder', 12.5, 53.48837]"
['Lamar Jackson (BAL)'],"['Pass TDsover', 1.5, 55.55556]"
['Lamar Jackson (BAL)'],"['Pass TDsunder', 1.5, 51.21951]"
['Lamar Jackson (BAL)'],"['Pass Ydsover', 211.5, 53.48837]"
['Lamar Jackson (BAL)'],"['Pass Ydsunder', 211.5, 53.48837]"
['Lamar Jackson (BAL)'],"['Pass Completionsover', 18.5, 53.48837]"
['Lamar Jackson (BAL)'],"['Pass Completionsunder', 18.5, 53.48837]"
['Lamar Jackson (BAL)'],"['Pass Attemptsover', 27.5, 51.21951]"
['Lamar Jackson (BAL)'],"['Pass Attemptsunder', 27.5, 55.55556]"
['Lamar Jackson (BAL)'],"['Interceptionsover', 0.5, 48.78049]"
['Lamar Jackson (BAL)'],"['Interceptionsunder', 0.5, 58.33333]"
['Lamar Jackson (BAL)'],"['Longest Completionover', 33.5, 53.48837]"
['Lamar Jackson (BAL)'],"['Longest Completionunder', 33.5, 53.48837]"
['Lamar Jackson (BAL)'],"['Pass + Rush Ydsover', 276.5, 53.48837]"
['Lamar Jackson (BAL)'],"['Pass + Rush Ydsunder', 276.5, 53.48837]"
['Lamar Jackson (BAL)'],"['Rush Ydsover', 59.5, 53.48837]"
['Lamar Jackson (BAL)'],"['Rush Ydsunder', 59.5, 53.48837]"
['Lamar Jackson (BAL)'],"['Rush Attemptsover', 10.5, 47.61905]"
['Lamar Jackson (BAL)'],"['Rush Attemptsunder', 10.5, 59.18367]"
['Lamar Jackson (BAL)'],"['Longest Rushover', 16.5, 55.55556]"
['Lamar Jackson (BAL)'],"['Longest Rushunder', 16.5, 51.21951]"
['Aaron Rodgers'],"['Pass TDsover', 1.5, 65.51724]"
['Aaron Rodgers'],"['Pass TDsunder', 1.5, 41.66667]"
['Aaron Rodgers'],"['Pass Ydsover', 243.5, 53.48837]"
['Aaron Rodgers'],"['Pass Ydsunder', 243.5, 53.48837]"
['Aaron Rodgers'],"['Pass Completionsover', 23.5, 53.48837]"
['Aaron Rodgers'],"['Pass Completionsunder', 23.5, 53.48837]"
['Aaron Rodgers'],"['Pass Attemptsover', 34.5, 52.38095]"
['Aaron Rodgers'],"['Pass Attemptsunder', 34.5, 55.55556]"
['Aaron Rodgers'],"['Interceptionsover', 0.5, 33.33333]"
['Aaron Rodgers'],"['Interceptionsunder', 0.5, 73.68421]"
['Aaron Rodgers'],"['Longest Completionover', 34.5, 56.52174]"
['Aaron Rodgers'],"['Longest Completionunder', 34.5, 51.21951]"
['Aaron Rodgers'],"['Pass + Rush Ydsover', 249.5, 53.48837]"
['Aaron Rodgers'],"['Pass + Rush Ydsunder', 249.5, 53.48837]"
['Aaron Rodgers'],"['Rush Ydsover', 1.5, 51.21951]"
['Aaron Rodgers'],"['Rush Ydsunder', 1.5, 55.55556]"
['Zach Wilson'],"['Pass TDsover', 1.5, 35.71429]"
['Zach Wilson'],"['Pass TDsunder', 1.5, 71.42857]"
['Zach Wilson'],"['Pass Ydsover', 216.5, 53.48837]"
['Zach Wilson'],"['Pass Ydsunder', 216.5, 53.48837]"
['Zach Wilson'],"['Pass Completionsover', 19.5, 57.44681]"
['Zach Wilson'],"['Pass Completionsunder', 19.5, 50.0]"
['Zach Wilson'],"['Pass Attemptsover', 33.5, 52.38095]"
['Zach Wilson'],"['Pass Attemptsunder', 33.5, 54.54545]"
['Zach Wilson'],"['Interceptionsover', 0.5, 65.51724]"
['Zach Wilson'],"['Interceptionsunder', 0.5, 41.66667]"
['Zach Wilson'],"['Longest Completionover', 33.5, 53.48837]"
['Zach Wilson'],"['Longest Completionunder', 33.5, 53.48837]"
['Zach Wilson'],"['Pass + Rush Ydsover', 230.5, 53.48837]"
['Zach Wilson'],"['Pass + Rush Ydsunder', 230.5, 53.48837]"
['Zach Wilson'],"['Rush Ydsover', 9.5, 54.54545]"
['Zach Wilson'],"['Rush Ydsunder', 9.5, 52.38095]"
['Jacoby Brissett'],"['Pass TDsover', 1.5, 34.48276]"
['Jacoby Brissett'],"['Pass TDsunder', 1.5, 72.60274]"
['Jacoby Brissett'],"['Pass Ydsover', 204.5, 53.48837]"
['Jacoby Brissett'],"['Pass Ydsunder', 204.5, 53.48837]"
['Jacoby Brissett'],"['Pass Completionsover', 18.5, 51.21951]"
['Jacoby Brissett'],"['Pass Completionsunder', 18.5, 55.55556]"
['Jacoby Brissett'],"['Pass Attemptsover', 29.5, 54.54545]"
['Jacoby Brissett'],"['Pass Attemptsunder', 29.5, 52.38095]"
['Jacoby Brissett'],"['Interceptionsover', 0.5, 45.45455]"
['Jacoby Brissett'],"['Interceptionsunder', 0.5, 61.53846]"
['Jacoby Brissett'],"['Longest Completionover', 33.5, 52.38095]"
['Jacoby Brissett'],"['Longest Completionunder', 33.5, 54.54545]"
['Jacoby Brissett'],"['Pass + Rush Ydsover', 222.5, 53.48837]"
['Jacoby Brissett'],"['Pass + Rush Ydsunder', 222.5, 53.48837]"
['Jacoby Brissett'],"['Rush Ydsover', 14.5, 52.38095]"
['Jacoby Brissett'],"['Rush Ydsunder', 14.5, 54.54545]"
['Jacoby Brissett'],"['Longest Rushover', 8.5, 57.44681]"
['Jacoby Brissett'],"['Longest Rushunder', 8.5, 50.0]"
['Kirk Cousins'],"['Pass TDsover', 1.5, 58.33333]"
['Kirk Cousins'],"['Pass TDsunder', 1.5, 48.78049]"
['Kirk Cousins'],"['Pass Ydsover', 259.5, 53.48837]"
['Kirk Cousins'],"['Pass Ydsunder', 259.5, 53.48837]"
['Kirk Cousins'],"['Pass Completionsover', 22.5, 54.54545]"
['Kirk Cousins'],"['Pass Completionsunder', 22.5, 52.38095]"
['Kirk Cousins'],"['Pass Attemptsover', 34.5, 50.0]"
['Kirk Cousins'],"['Pass Attemptsunder', 34.5, 56.52174]"
['Kirk Cousins'],"['Interceptionsover', 0.5, 44.44444]"
['Kirk Cousins'],"['Interceptionsunder', 0.5, 62.26415]"
['Kirk Cousins'],"['Longest Completionover', 37.5, 52.38095]"
['Kirk Cousins'],"['Longest Completionunder', 37.5, 54.54545]"
['Kirk Cousins'],"['Pass + Rush Ydsover', 266.5, 51.21951]"
['Kirk Cousins'],"['Pass + Rush Ydsunder', 266.5, 55.55556]"
['Kirk Cousins'],"['Rush Ydsover', 3.5, 56.52174]"
['Kirk Cousins'],"['Rush Ydsunder', 3.5, 50.0]"
['Skylar Thompson'],"['Pass TDsover', 1.5, 42.55319]"
['Skylar Thompson'],"['Pass TDsunder', 1.5, 64.28571]"
['Skylar Thompson'],"['Pass Ydsover', 209.5, 53.48837]"
['Skylar Thompson'],"['Pass Ydsunder', 209.5, 53.48837]"
['Skylar Thompson'],"['Pass Completionsover', 19.5, 48.78049]"
['Skylar Thompson'],"['Pass Completionsunder', 19.5, 57.44681]"
['Skylar Thompson'],"['Pass Attemptsover', 29.5, 53.48837]"
['Skylar Thompson'],"['Pass Attemptsunder', 29.5, 53.48837]"
['Skylar Thompson'],"['Interceptionsover', 0.5, 62.26415]"
['Skylar Thompson'],"['Interceptionsunder', 0.5, 44.44444]"
['Skylar Thompson'],"['Longest Completionover', 34.5, 52.38095]"
['Skylar Thompson'],"['Longest Completionunder', 34.5, 54.54545]"
['Skylar Thompson'],"['Pass + Rush Ydsover', 225.5, 53.48837]"
['Skylar Thompson'],"['Pass + Rush Ydsunder', 225.5, 53.48837]"
['Skylar Thompson'],"['Rush Ydsover', 12.5, 53.48837]"
['Skylar Thompson'],"['Rush Ydsunder', 12.5, 53.48837]"
['Skylar Thompson'],"['Longest Rushover', 9.5, 51.21951]"
['Skylar Thompson'],"['Longest Rushunder', 9.5, 55.55556]"
['Andy Dalton'],"['Pass TDsover', 1.5, 40.81633]"
['Andy Dalton'],"['Pass TDsunder', 1.5, 65.51724]"
['Andy Dalton'],"['Pass Ydsover', 220.5, 53.48837]"
['Andy Dalton'],"['Pass Ydsunder', 220.5, 53.48837]"
['Andy Dalton'],"['Pass Completionsover', 18.5, 54.54545]"
['Andy Dalton'],"['Pass Completionsunder', 18.5, 52.38095]"
['Andy Dalton'],"['Pass Attemptsover', 29.5, 55.55556]"
['Andy Dalton'],"['Pass Attemptsunder', 29.5, 52.38095]"
['Andy Dalton'],"['Interceptionsover', 0.5, 59.18367]"
['Andy Dalton'],"['Interceptionsunder', 0.5, 47.61905]"
['Andy Dalton'],"['Longest Completionover', 35.5, 52.38095]"
['Andy Dalton'],"['Longest Completionunder', 35.5, 54.54545]"
['Andy Dalton'],"['Pass + Rush Ydsover', 226.5, 53.48837]"
['Andy Dalton'],"['Pass + Rush Ydsunder', 226.5, 53.48837]"
['Andy Dalton'],"['Rush Ydsover', 2.5, 51.21951]"
['Andy Dalton'],"['Rush Ydsunder', 2.5, 55.55556]"
['Joe Burrow'],"['Pass TDsover', 1.5, 51.21951]"
['Joe Burrow'],"['Pass TDsunder', 1.5, 55.55556]"
['Joe Burrow'],"['Pass Ydsover', 252.5, 53.48837]"
['Joe Burrow'],"['Pass Ydsunder', 252.5, 53.48837]"
['Joe Burrow'],"['Pass Completionsover', 22.5, 59.18367]"
['Joe Burrow'],"['Pass Completionsunder', 22.5, 47.61905]"
['Joe Burrow'],"['Pass Attemptsover', 33.5, 55.55556]"
['Joe Burrow'],"['Pass Attemptsunder', 33.5, 51.21951]"
['Joe Burrow'],"['Interceptionsover', 0.5, 50.0]"
['Joe Burrow'],"['Interceptionsunder', 0.5, 56.52174]"
['Joe Burrow'],"['Longest Completionover', 37.5, 54.54545]"
['Joe Burrow'],"['Longest Completionunder', 37.5, 52.38095]"
['Joe Burrow'],"['Pass + Rush Ydsover', 267.5, 53.48837]"
['Joe Burrow'],"['Pass + Rush Ydsunder', 267.5, 53.48837]"
['Joe Burrow'],"['Rush Ydsover', 10.5, 52.38095]"
['Joe Burrow'],"['Rush Ydsunder', 10.5, 54.54545]"
['Matt Ryan'],"['Pass TDsover', 1.5, 50.0]"
['Matt Ryan'],"['Pass TDsunder', 1.5, 56.52174]"
['Matt Ryan'],"['Pass Ydsover', 242.5, 53.48837]"
['Matt Ryan'],"['Pass Ydsunder', 242.5, 53.48837]"
['Matt Ryan'],"['Interceptionsover', 0.5, 55.55556]"
['Matt Ryan'],"['Interceptionsunder', 0.5, 52.38095]"
['Matt Ryan'],"['Longest Completionover', 35.5, 53.48837]"
['Matt Ryan'],"['Longest Completionunder', 35.5, 53.48837]"
['Matt Ryan'],"['Pass + Rush Ydsover', 248.5, 53.48837]"
['Matt Ryan'],"['Pass + Rush Ydsunder', 248.5, 53.48837]"
['Trevor Lawrence'],"['Pass TDsover', 1.5, 46.51163]"
['Trevor Lawrence'],"['Pass TDsunder', 1.5, 60.78431]"
['Trevor Lawrence'],"['Pass Ydsover', 240.5, 53.48837]"
['Trevor Lawrence'],"['Pass Ydsunder', 240.5, 53.48837]"
['Trevor Lawrence'],"['Pass Completionsover', 22.5, 52.38095]"
['Trevor Lawrence'],"['Pass Completionsunder', 22.5, 55.55556]"
['Trevor Lawrence'],"['Pass Attemptsover', 34.5, 50.0]"
['Trevor Lawrence'],"['Pass Attemptsunder', 34.5, 56.52174]"
['Trevor Lawrence'],"['Interceptionsover', 0.5, 57.44681]"
['Trevor Lawrence'],"['Interceptionsunder', 0.5, 48.78049]"
['Trevor Lawrence'],"['Longest Completionover', 34.5, 52.38095]"
['Trevor Lawrence'],"['Longest Completionunder', 34.5, 54.54545]"
['Trevor Lawrence'],"['Pass + Rush Ydsover', 255.5, 53.48837]"
['Trevor Lawrence'],"['Pass + Rush Ydsunder', 255.5, 53.48837]"
['Trevor Lawrence'],"['Rush Ydsover', 11.5, 52.38095]"
['Trevor Lawrence'],"['Rush Ydsunder', 11.5, 54.54545]"
['Geno Smith'],"['Pass TDsover', 1.5, 61.53846]"
['Geno Smith'],"['Pass TDsunder', 1.5, 45.45455]"
['Geno Smith'],"['Pass Ydsover', 269.5, 53.48837]"
['Geno Smith'],"['Pass Ydsunder', 269.5, 53.48837]"
['Geno Smith'],"['Pass Completionsover', 23.5, 52.38095]"
['Geno Smith'],"['Pass Completionsunder', 23.5, 55.55556]"
['Geno Smith'],"['Pass Attemptsover', 34.5, 53.48837]"
['Geno Smith'],"['Pass Attemptsunder', 34.5, 53.48837]"
['Geno Smith'],"['Interceptionsover', 0.5, 57.44681]"
['Geno Smith'],"['Interceptionsunder', 0.5, 50.0]"
['Geno Smith'],"['Longest Completionover', 38.5, 53.48837]"
['Geno Smith'],"['Longest Completionunder', 38.5, 53.48837]"
['Geno Smith'],"['Pass + Rush Ydsover', 286.5, 53.48837]"
['Geno Smith'],"['Pass + Rush Ydsunder', 286.5, 53.48837]"
['Geno Smith'],"['Rush Ydsover', 12.5, 54.54545]"
['Geno Smith'],"['Rush Ydsunder', 12.5, 52.38095]"
['Geno Smith'],"['Longest Rushover', 8.5, 55.55556]"
['Geno Smith'],"['Longest Rushunder', 8.5, 51.21951]"
['Kyler Murray'],"['Pass TDsover', 1.5, 54.54545]"
['Kyler Murray'],"['Pass TDsunder', 1.5, 52.38095]"
['Kyler Murray'],"['Pass Ydsover', 259.5, 53.48837]"
['Kyler Murray'],"['Pass Ydsunder', 259.5, 53.48837]"
['Kyler Murray'],"['Pass Completionsover', 25.5, 52.38095]"
['Kyler Murray'],"['Pass Completionsunder', 25.5, 54.54545]"
['Kyler Murray'],"['Pass Attemptsover', 37.5, 54.54545]"
['Kyler Murray'],"['Pass Attemptsunder', 37.5, 52.38095]"
['Kyler Murray'],"['Interceptionsover', 0.5, 56.52174]"
['Kyler Murray'],"['Interceptionsunder', 0.5, 50.0]"
['Kyler Murray'],"['Longest Completionover', 35.5, 53.48837]"
['Kyler Murray'],"['Longest Completionunder', 35.5, 53.48837]"
['Kyler Murray'],"['Pass + Rush Ydsover', 291.5, 53.48837]"
['Kyler Murray'],"['Pass + Rush Ydsunder', 291.5, 53.48837]"
['Kyler Murray'],"['Rush Ydsover', 27.5, 53.48837]"
['Kyler Murray'],"['Rush Ydsunder', 27.5, 53.48837]"
['Kyler Murray'],"['Longest Rushover', 13.5, 51.21951]"
['Kyler Murray'],"['Longest Rushunder', 13.5, 55.55556]"
['Matthew Stafford'],"['Pass TDsover', 1.5, 65.51724]"
['Matthew Stafford'],"['Pass TDsunder', 1.5, 41.66667]"
['Matthew Stafford'],"['Pass Ydsover', 261.5, 53.48837]"
['Matthew Stafford'],"['Pass Ydsunder', 261.5, 53.48837]"
['Matthew Stafford'],"['Pass Completionsover', 24.5, 51.21951]"
['Matthew Stafford'],"['Pass Completionsunder', 24.5, 55.55556]"
['Matthew Stafford'],"['Pass Attemptsover', 35.5, 54.54545]"
['Matthew Stafford'],"['Pass Attemptsunder', 35.5, 52.38095]"
['Matthew Stafford'],"['Interceptionsover', 0.5, 51.21951]"
['Matthew Stafford'],"['Interceptionsunder', 0.5, 55.55556]"
['Matthew Stafford'],"['Longest Completionover', 35.5, 54.54545]"
['Matthew Stafford'],"['Longest Completionunder', 35.5, 52.38095]"
['Matthew Stafford'],"['Pass + Rush Ydsover', 267.5, 53.48837]"
['Matthew Stafford'],"['Pass + Rush Ydsunder', 267.5, 53.48837]"
['Matthew Stafford'],"['Rush Ydsover', 2.5, 48.78049]"
['Matthew Stafford'],"['Rush Ydsunder', 2.5, 58.33333]"
['P.J. Walker'],"['Pass TDsover', 1.5, 32.78689]"
['P.J. Walker'],"['Pass TDsunder', 1.5, 74.02597]"
['P.J. Walker'],"['Pass Ydsover', 209.5, 53.48837]"
['P.J. Walker'],"['Pass Ydsunder', 209.5, 53.48837]"
['P.J. Walker'],"['Pass Completionsover', 19.5, 52.38095]"
['P.J. Walker'],"['Pass Completionsunder', 19.5, 54.54545]"
['P.J. Walker'],"['Pass Attemptsover', 32.5, 53.48837]"
['P.J. Walker'],"['Pass Attemptsunder', 32.5, 53.48837]"
['P.J. Walker'],"['Interceptionsover', 1.5, 39.21569]"
['P.J. Walker'],"['Interceptionsunder', 1.5, 67.74194]"
['P.J. Walker'],"['Longest Completionover', 33.5, 52.38095]"
['P.J. Walker'],"['Longest Completionunder', 33.5, 54.54545]"
['P.J. Walker'],"['Pass + Rush Ydsover', 222.5, 53.48837]"
['P.J. Walker'],"['Pass + Rush Ydsunder', 222.5, 53.48837]"
['Josh Allen'],"['Pass TDsover', 2.5, 43.47826]"
['Josh Allen'],"['Pass TDsunder', 2.5, 63.63636]"
['Josh Allen'],"['Pass Ydsover', 297.5, 57.44681]"
['Josh Allen'],"['Pass Ydsunder', 297.5, 48.78049]"
['Josh Allen'],"['Pass Completionsover', 26.5, 52.38095]"
['Josh Allen'],"['Pass Completionsunder', 26.5, 54.54545]"
['Josh Allen'],"['Pass Attemptsover', 38.5, 52.38095]"
['Josh Allen'],"['Pass Attemptsunder', 38.5, 54.54545]"
['Josh Allen'],"['Interceptionsover', 0.5, 46.51163]"
['Josh Allen'],"['Interceptionsunder', 0.5, 60.0]"
['Josh Allen'],"['Longest Completionover', 37.5, 54.54545]"
['Josh Allen'],"['Longest Completionunder', 37.5, 52.38095]"
['Josh Allen'],"['Pass + Rush Ydsover', 351.5, 53.48837]"
['Josh Allen'],"['Pass + Rush Ydsunder', 351.5, 53.48837]"
['Josh Allen'],"['Rush Ydsover', 46.5, 54.54545]"
['Josh Allen'],"['Rush Ydsunder', 46.5, 52.38095]"
['Josh Allen'],"['Rush Attemptsover', 7.5, 60.78431]"
['Josh Allen'],"['Rush Attemptsunder', 7.5, 45.45455]"
['Josh Allen'],"['Longest Rushover', 16.5, 51.21951]"
['Josh Allen'],"['Longest Rushunder', 16.5, 55.55556]"
['Patrick Mahomes'],"['Pass TDsover', 2.5, 42.55319]"
['Patrick Mahomes'],"['Pass TDsunder', 2.5, 64.28571]"
['Patrick Mahomes'],"['Pass Ydsover', 297.5, 53.48837]"
['Patrick Mahomes'],"['Pass Ydsunder', 297.5, 53.48837]"
['Patrick Mahomes'],"['Pass Completionsover', 27.5, 54.54545]"
['Patrick Mahomes'],"['Pass Completionsunder', 27.5, 52.38095]"
['Patrick Mahomes'],"['Pass Attemptsover', 40.5, 53.48837]"
['Patrick Mahomes'],"['Pass Attemptsunder', 40.5, 53.48837]"
['Patrick Mahomes'],"['Interceptionsover', 0.5, 51.21951]"
['Patrick Mahomes'],"['Interceptionsunder', 0.5, 55.55556]"
['Patrick Mahomes'],"['Longest Completionover', 36.5, 54.54545]"
['Patrick Mahomes'],"['Longest Completionunder', 36.5, 52.38095]"
['Patrick Mahomes'],"['Pass + Rush Ydsover', 325.5, 53.48837]"
['Patrick Mahomes'],"['Pass + Rush Ydsunder', 325.5, 53.48837]"
['Patrick Mahomes'],"['Rush Ydsover', 23.5, 58.33333]"
['Patrick Mahomes'],"['Rush Ydsunder', 23.5, 47.61905]"
['Patrick Mahomes'],"['Longest Rushover', 12.5, 55.55556]"
['Patrick Mahomes'],"['Longest Rushunder', 12.5, 51.21951]"
['Cooper Rush'],"['Pass TDsover', 1.5, 38.46154]"
['Cooper Rush'],"['Pass TDsunder', 1.5, 68.25397]"
['Cooper Rush'],"['Pass Ydsover', 218.5, 53.48837]"
['Cooper Rush'],"['Pass Ydsunder', 218.5, 53.48837]"
['Cooper Rush'],"['Pass Completionsover', 19.5, 54.54545]"
['Cooper Rush'],"['Pass Completionsunder', 19.5, 52.38095]"
['Cooper Rush'],"['Pass Attemptsover', 32.5, 53.48837]"
['Cooper Rush'],"['Pass Attemptsunder', 32.5, 53.48837]"
['Cooper Rush'],"['Interceptionsover', 0.5, 57.44681]"
['Cooper Rush'],"['Interceptionsunder', 0.5, 48.78049]"
['Cooper Rush'],"['Longest Completionover', 34.5, 52.38095]"
['Cooper Rush'],"['Longest Completionunder', 34.5, 54.54545]"
['Cooper Rush'],"['Pass + Rush Ydsover', 225.5, 53.48837]"
['Cooper Rush'],"['Pass + Rush Ydsunder', 225.5, 53.48837]"
['Cooper Rush'],"['Rush Ydsover', 4.5, 55.55556]"
['Cooper Rush'],"['Rush Ydsunder', 4.5, 51.21951]"
['Jalen Hurts'],"['Pass TDsover', 1.5, 46.51163]"
['Jalen Hurts'],"['Pass TDsunder', 1.5, 60.78431]"
['Jalen Hurts'],"['Pass Ydsover', 236.5, 53.48837]"
['Jalen Hurts'],"['Pass Ydsunder', 236.5, 53.48837]"
['Jalen Hurts'],"['Pass Completionsover', 19.5, 54.54545]"
['Jalen Hurts'],"['Pass Completionsunder', 19.5, 52.38095]"
['Jalen Hurts'],"['Pass Attemptsover', 31.5, 56.52174]"
['Jalen Hurts'],"['Pass Attemptsunder', 31.5, 51.21951]"
['Jalen Hurts'],"['Interceptionsover', 0.5, 52.38095]"
['Jalen Hurts'],"['Interceptionsunder', 0.5, 54.54545]"
['Jalen Hurts'],"['Longest Completionover', 37.5, 54.54545]"
['Jalen Hurts'],"['Longest Completionunder', 37.5, 52.38095]"
['Jalen Hurts'],"['Pass + Rush Ydsover', 291.5, 53.48837]"
['Jalen Hurts'],"['Pass + Rush Ydsunder', 291.5, 53.48837]"
['Jalen Hurts'],"['Rush Ydsover', 50.5, 53.48837]"
['Jalen Hurts'],"['Rush Ydsunder', 50.5, 53.48837]"
['Jalen Hurts'],"['Rush Attemptsover', 10.5, 50.0]"
['Jalen Hurts'],"['Rush Attemptsunder', 10.5, 57.44681]"
['Jalen Hurts'],"['Longest Rushover', 14.5, 55.55556]"
['Jalen Hurts'],"['Longest Rushunder', 14.5, 51.21951]"
['Justin Herbert'],"['Pass TDsover', 1.5, 62.96296]"
['Justin Herbert'],"['Pass TDsunder', 1.5, 43.47826]"
['Justin Herbert'],"['Pass Ydsover', 263.5, 53.48837]"
['Justin Herbert'],"['Pass Ydsunder', 263.5, 53.48837]"
['Justin Herbert'],"['Pass Completionsover', 23.5, 57.44681]"
['Justin Herbert'],"['Pass Completionsunder', 23.5, 48.78049]"
['Justin Herbert'],"['Pass Attemptsover', 35.5, 54.54545]"
['Justin Herbert'],"['Pass Attemptsunder', 35.5, 52.38095]"
['Justin Herbert'],"['Interceptionsover', 0.5, 51.21951]"
['Justin Herbert'],"['Interceptionsunder', 0.5, 55.55556]"
['Justin Herbert'],"['Longest Completionover', 36.5, 53.48837]"
['Justin Herbert'],"['Longest Completionunder', 36.5, 53.48837]"
['Justin Herbert'],"['Pass + Rush Ydsover', 276.5, 53.48837]"
['Justin Herbert'],"['Pass + Rush Ydsunder', 276.5, 53.48837]"
['Justin Herbert'],"['Rush Ydsover', 9.5, 52.38095]"
['Justin Herbert'],"['Rush Ydsunder', 9.5, 54.54545]"
['Russell Wilson'],"['Pass TDsover', 1.5, 45.45455]"
['Russell Wilson'],"['Pass TDsunder', 1.5, 60.78431]"
['Russell Wilson'],"['Pass Ydsover', 228.5, 53.48837]"
['Russell Wilson'],"['Pass Ydsunder', 228.5, 53.48837]"
['Russell Wilson'],"['Interceptionsover', 0.5, 56.52174]"
['Russell Wilson'],"['Interceptionsunder', 0.5, 50.0]"
['Russell Wilson'],"['Longest Completionover', 37.5, 52.38095]"
['Russell Wilson'],"['Longest Completionunder', 37.5, 54.54545]"
['Russell Wilson'],"['Pass + Rush Ydsover', 248.5, 53.48837]"
['Russell Wilson'],"['Pass + Rush Ydsunder', 248.5, 53.48837]"
['Russell Wilson'],"['Rush Ydsover', 16.5, 51.21951]"
['Russell Wilson'],"['Rush Ydsunder', 16.5, 55.55556]"
['Russell Wilson'],"['Longest Rushover', 9.5, 53.48837]"
['Russell Wilson'],"['Longest Rushunder', 9.5, 53.48837]"
['Caleb Huntley'],"['Rush Ydsover', 27.5, 52.38095]"
['Caleb Huntley'],"['Rush Ydsunder', 27.5, 54.54545]"
['Caleb Huntley'],"['Rush Attemptsover', 7.5, 47.61905]"
['Caleb Huntley'],"['Rush Attemptsunder', 7.5, 59.18367]"
['Deebo Samuel'],"['Rush Ydsover', 16.5, 54.54545]"
['Deebo Samuel'],"['Rush Ydsunder', 16.5, 52.38095]"
['Deebo Samuel'],"['Rec Ydsover', 60.5, 53.48837]"
['Deebo Samuel'],"['Rec Ydsunder', 60.5, 53.48837]"
['Deebo Samuel'],"['Receptionsover', 5.5, 45.45455]"
['Deebo Samuel'],"['Receptionsunder', 5.5, 61.53846]"
['Deebo Samuel'],"['Longest Receptionover', 22.5, 52.38095]"
['Deebo Samuel'],"['Longest Receptionunder', 22.5, 54.54545]"
['Jeff Wilson Jr.'],"['Rush Ydsover', 65.5, 53.48837]"
['Jeff Wilson Jr.'],"['Rush Ydsunder', 65.5, 53.48837]"
['Jeff Wilson Jr.'],"['Rec Ydsover', 8.5, 52.38095]"
['Jeff Wilson Jr.'],"['Rec Ydsunder', 8.5, 54.54545]"
['Jeff Wilson Jr.'],"['Receptionsover', 1.5, 47.61905]"
['Jeff Wilson Jr.'],"['Receptionsunder', 1.5, 59.18367]"
['Jeff Wilson Jr.'],"['Rush + Rec Ydsover', 76.5, 53.48837]"
['Jeff Wilson Jr.'],"['Rush + Rec Ydsunder', 76.5, 53.48837]"
['Jeff Wilson Jr.'],"['Rush Attemptsover', 15.5, 57.44681]"
['Jeff Wilson Jr.'],"['Rush Attemptsunder', 15.5, 48.78049]"
['Jeff Wilson Jr.'],"['Longest Rushover', 15.5, 52.38095]"
['Jeff Wilson Jr.'],"['Longest Rushunder', 15.5, 54.54545]"
['Tyler Allgeier'],"['Rush Ydsover', 48.5, 47.61905]"
['Tyler Allgeier'],"['Rush Ydsunder', 48.5, 58.33333]"
['Tyler Allgeier'],"['Rec Ydsover', 6.5, 54.54545]"
['Tyler Allgeier'],"['Rec Ydsunder', 6.5, 52.38095]"
['Tyler Allgeier'],"['Rush + Rec Ydsover', 58.5, 53.48837]"
['Tyler Allgeier'],"['Rush + Rec Ydsunder', 58.5, 53.48837]"
['Tyler Allgeier'],"['Rush Attemptsover', 12.5, 53.48837]"
['Tyler Allgeier'],"['Rush Attemptsunder', 12.5, 53.48837]"
['Tyler Allgeier'],"['Longest Rushover', 12.5, 51.21951]"
['Tyler Allgeier'],"['Longest Rushunder', 12.5, 55.55556]"
['Jaylen Warren'],"['Rush Ydsover', 18.5, 54.54545]"
['Jaylen Warren'],"['Rush Ydsunder', 18.5, 52.38095]"
['Jaylen Warren'],"['Longest Rushover', 9.5, 51.21951]"
['Jaylen Warren'],"['Longest Rushunder', 9.5, 55.55556]"
['Leonard Fournette'],"['Rush Ydsover', 62.5, 54.54545]"
['Leonard Fournette'],"['Rush Ydsunder', 62.5, 52.38095]"
['Leonard Fournette'],"['Rec Ydsover', 27.5, 53.48837]"
['Leonard Fournette'],"['Rec Ydsunder', 27.5, 53.48837]"
['Leonard Fournette'],"['Receptionsover', 3.5, 61.53846]"
['Leonard Fournette'],"['Receptionsunder', 3.5, 45.45455]"
['Leonard Fournette'],"['Rush + Rec Ydsover', 95.5, 53.48837]"
['Leonard Fournette'],"['Rush + Rec Ydsunder', 95.5, 53.48837]"
['Leonard Fournette'],"['Rush Attemptsover', 14.5, 57.44681]"
['Leonard Fournette'],"['Rush Attemptsunder', 14.5, 50.0]"
['Leonard Fournette'],"['Longest Rushover', 15.5, 53.48837]"
['Leonard Fournette'],"['Longest Rushunder', 15.5, 53.48837]"
['Leonard Fournette'],"['Longest Receptionover', 12.5, 54.54545]"
['Leonard Fournette'],"['Longest Receptionunder', 12.5, 52.38095]"
['Najee Harris'],"['Rush Ydsover', 46.5, 53.48837]"
['Najee Harris'],"['Rush Ydsunder', 46.5, 53.48837]"
['Najee Harris'],"['Rec Ydsover', 12.5, 54.54545]"
['Najee Harris'],"['Rec Ydsunder', 12.5, 52.38095]"
['Najee Harris'],"['Receptionsover', 2.5, 46.51163]"
['Najee Harris'],"['Receptionsunder', 2.5, 60.78431]"
['Najee Harris'],"['Rush + Rec Ydsover', 62.5, 53.48837]"
['Najee Harris'],"['Rush + Rec Ydsunder', 62.5, 53.48837]"
['Najee Harris'],"['Rush Attemptsover', 13.5, 51.21951]"
['Najee Harris'],"['Rush Attemptsunder', 13.5, 55.55556]"
['Najee Harris'],"['Longest Rushover', 12.5, 51.21951]"
['Najee Harris'],"['Longest Rushunder', 12.5, 55.55556]"
['Najee Harris'],"['Longest Receptionover', 8.5, 52.38095]"
['Najee Harris'],"['Longest Receptionunder', 8.5, 54.54545]"
['Rachaad White'],"['Rush Ydsover', 18.5, 53.48837]"
['Rachaad White'],"['Rush Ydsunder', 18.5, 53.48837]"
['Rachaad White'],"['Rec Ydsover', 13.5, 53.48837]"
['Rachaad White'],"['Rec Ydsunder', 13.5, 53.48837]"
['Rachaad White'],"['Receptionsover', 1.5, 62.96296]"
['Rachaad White'],"['Receptionsunder', 1.5, 44.44444]"
['Rachaad White'],"['Rush + Rec Ydsover', 36.5, 52.38095]"
['Rachaad White'],"['Rush + Rec Ydsunder', 36.5, 54.54545]"
['Rachaad White'],"['Longest Rushover', 8.5, 50.0]"
['Rachaad White'],"['Longest Rushunder', 8.5, 56.52174]"
['Rachaad White'],"['Longest Receptionover', 9.5, 54.54545]"
['Rachaad White'],"['Longest Receptionunder', 9.5, 52.38095]"
['J.K. Dobbins'],"['Rush Ydsover', 50.5, 53.48837]"
['J.K. Dobbins'],"['Rush Ydsunder', 50.5, 53.48837]"
['J.K. Dobbins'],"['Rec Ydsover', 8.5, 55.55556]"
['J.K. Dobbins'],"['Rec Ydsunder', 8.5, 51.21951]"
['J.K. Dobbins'],"['Receptionsover', 1.5, 50.0]"
['J.K. Dobbins'],"['Receptionsunder', 1.5, 56.52174]"
['J.K. Dobbins'],"['Rush + Rec Ydsover', 63.5, 53.48837]"
['J.K. Dobbins'],"['Rush + Rec Ydsunder', 63.5, 53.48837]"
['J.K. Dobbins'],"['Rush Attemptsover', 11.5, 52.38095]"
['J.K. Dobbins'],"['Rush Attemptsunder', 11.5, 54.54545]"
['J.K. Dobbins'],"['Longest Rushover', 13.5, 53.48837]"
['J.K. Dobbins'],"['Longest Rushunder', 13.5, 53.48837]"
['Saquon Barkley'],"['Rush Ydsover', 72.5, 56.52174]"
['Saquon Barkley'],"['Rush Ydsunder', 72.5, 50.0]"
['Saquon Barkley'],"['Rec Ydsover', 27.5, 56.52174]"
['Saquon Barkley'],"['Rec Ydsunder', 27.5, 50.0]"
['Saquon Barkley'],"['Receptionsover', 3.5, 61.53846]"
['Saquon Barkley'],"['Receptionsunder', 3.5, 45.45455]"
['Saquon Barkley'],"['Rush + Rec Ydsover', 105.5, 53.48837]"
['Saquon Barkley'],"['Rush + Rec Ydsunder', 105.5, 53.48837]"
['Saquon Barkley'],"['Rush Attemptsover', 18.5, 45.45455]"
['Saquon Barkley'],"['Rush Attemptsunder', 18.5, 60.0]"
['Saquon Barkley'],"['Longest Rushover', 15.5, 53.48837]"
['Saquon Barkley'],"['Longest Rushunder', 15.5, 53.48837]"
['Saquon Barkley'],"['Longest Receptionover', 13.5, 52.38095]"
['Saquon Barkley'],"['Longest Receptionunder', 13.5, 54.54545]"
['Aaron Jones'],"['Rush Ydsover', 61.5, 53.48837]"
['Aaron Jones'],"['Rush Ydsunder', 61.5, 53.48837]"
['Aaron Jones'],"['Rec Ydsover', 21.5, 54.54545]"
['Aaron Jones'],"['Rec Ydsunder', 21.5, 52.38095]"
['Aaron Jones'],"['Receptionsover', 3.5, 46.51163]"
['Aaron Jones'],"['Receptionsunder', 3.5, 60.0]"
['Aaron Jones'],"['Rush + Rec Ydsover', 87.5, 53.48837]"
['Aaron Jones'],"['Rush + Rec Ydsunder', 87.5, 53.48837]"
['Aaron Jones'],"['Rush Attemptsover', 13.5, 51.21951]"
['Aaron Jones'],"['Rush Attemptsunder', 13.5, 55.55556]"
['Aaron Jones'],"['Longest Rushover', 15.5, 53.48837]"
['Aaron Jones'],"['Longest Rushunder', 15.5, 53.48837]"
['Aaron Jones'],"['Longest Receptionover', 11.5, 55.55556]"
['Aaron Jones'],"['Longest Receptionunder', 11.5, 51.21951]"
['AJ Dillon'],"['Rush Ydsover', 50.5, 52.38095]"
['AJ Dillon'],"['Rush Ydsunder', 50.5, 54.54545]"
['AJ Dillon'],"['Rec Ydsover', 12.5, 52.38095]"
['AJ Dillon'],"['Rec Ydsunder', 12.5, 54.54545]"
['AJ Dillon'],"['Receptionsover', 1.5, 65.51724]"
['AJ Dillon'],"['Receptionsunder', 1.5, 40.81633]"
['AJ Dillon'],"['Rush + Rec Ydsover', 66.5, 52.38095]"
['AJ Dillon'],"['Rush + Rec Ydsunder', 66.5, 54.54545]"
['AJ Dillon'],"['Rush Attemptsover', 11.5, 57.44681]"
['AJ Dillon'],"['Rush Attemptsunder', 11.5, 48.78049]"
['AJ Dillon'],"['Longest Rushover', 12.5, 56.52174]"
['AJ Dillon'],"['Longest Rushunder', 12.5, 50.0]"
['AJ Dillon'],"['Longest Receptionover', 8.5, 54.54545]"
['AJ Dillon'],"['Longest Receptionunder', 8.5, 52.38095]"
['Breece Hall'],"['Rush Ydsover', 59.5, 53.48837]"
['Breece Hall'],"['Rush Ydsunder', 59.5, 53.48837]"
['Breece Hall'],"['Rec Ydsover', 19.5, 53.48837]"
['Breece Hall'],"['Rec Ydsunder', 19.5, 53.48837]"
['Breece Hall'],"['Receptionsover', 2.5, 56.52174]"
['Breece Hall'],"['Receptionsunder', 2.5, 51.21951]"
['Breece Hall'],"['Rush + Rec Ydsover', 83.5, 53.48837]"
['Breece Hall'],"['Rush + Rec Ydsunder', 83.5, 53.48837]"
['Breece Hall'],"['Rush Attemptsover', 12.5, 56.52174]"
['Breece Hall'],"['Rush Attemptsunder', 12.5, 50.0]"
['Breece Hall'],"['Longest Rushover', 14.5, 55.55556]"
['Breece Hall'],"['Longest Rushunder', 14.5, 51.21951]"
['Breece Hall'],"['Longest Receptionover', 11.5, 54.54545]"
['Breece Hall'],"['Longest Receptionunder', 11.5, 52.38095]"
['Michael Carter'],"['Rush Ydsover', 31.5, 53.48837]"
['Michael Carter'],"['Rush Ydsunder', 31.5, 53.48837]"
['Michael Carter'],"['Rec Ydsover', 11.5, 52.38095]"
['Michael Carter'],"['Rec Ydsunder', 11.5, 54.54545]"
['Michael Carter'],"['Receptionsover', 1.5, 60.0]"
['Michael Carter'],"['Receptionsunder', 1.5, 47.61905]"
['Michael Carter'],"['Rush + Rec Ydsover', 45.5, 53.48837]"
['Michael Carter'],"['Rush + Rec Ydsunder', 45.5, 53.48837]"
['Michael Carter'],"['Rush Attemptsover', 7.5, 57.44681]"
['Michael Carter'],"['Rush Attemptsunder', 7.5, 48.78049]"
['Michael Carter'],"['Longest Rushover', 10.5, 52.38095]"
['Michael Carter'],"['Longest Rushunder', 10.5, 54.54545]"
['Michael Carter'],"['Longest Receptionover', 8.5, 52.38095]"
['Michael Carter'],"['Longest Receptionunder', 8.5, 54.54545]"
['Kareem Hunt'],"['Rush Ydsover', 45.5, 54.54545]"
['Kareem Hunt'],"['Rush Ydsunder', 45.5, 52.38095]"
['Kareem Hunt'],"['Rec Ydsover', 15.5, 54.54545]"
['Kareem Hunt'],"['Rec Ydsunder', 15.5, 52.38095]"
['Kareem Hunt'],"['Rush + Rec Ydsover', 66.5, 53.48837]"
['Kareem Hunt'],"['Rush + Rec Ydsunder', 66.5, 53.48837]"
['Kareem Hunt'],"['Longest Rushover', 12.5, 56.52174]"
['Kareem Hunt'],"['Longest Rushunder', 12.5, 50.0]"
['Kareem Hunt'],"['Longest Receptionover', 9.5, 55.55556]"
['Kareem Hunt'],"['Longest Receptionunder', 9.5, 51.21951]"
['Nick Chubb'],"['Rush Ydsover', 92.5, 53.48837]"
['Nick Chubb'],"['Rush Ydsunder', 92.5, 53.48837]"
['Nick Chubb'],"['Rec Ydsover', 6.5, 54.54545]"
['Nick Chubb'],"['Rec Ydsunder', 6.5, 52.38095]"
['Nick Chubb'],"['Receptionsover', 1.5, 40.81633]"
['Nick Chubb'],"['Receptionsunder', 1.5, 66.10169]"
['Nick Chubb'],"['Rush + Rec Ydsover', 103.5, 53.48837]"
['Nick Chubb'],"['Rush + Rec Ydsunder', 103.5, 53.48837]"
['Nick Chubb'],"['Rush Attemptsover', 17.5, 54.54545]"
['Nick Chubb'],"['Rush Attemptsunder', 17.5, 52.38095]"
['Nick Chubb'],"['Longest Rushover', 19.5, 51.21951]"
['Nick Chubb'],"['Longest Rushunder', 19.5, 55.55556]"
['Rhamondre Stevenson'],"['Rush Ydsover', 76.5, 53.48837]"
['Rhamondre Stevenson'],"['Rush Ydsunder', 76.5, 53.48837]"
['Rhamondre Stevenson'],"['Rec Ydsover', 16.5, 54.54545]"
['Rhamondre Stevenson'],"['Rec Ydsunder', 16.5, 52.38095]"
['Rhamondre Stevenson'],"['Rush + Rec Ydsover', 98.5, 53.48837]"
['Rhamondre Stevenson'],"['Rush + Rec Ydsunder', 98.5, 53.48837]"
['Rhamondre Stevenson'],"['Longest Rushover', 16.5, 55.55556]"
['Rhamondre Stevenson'],"['Longest Rushunder', 16.5, 52.38095]"
['Rhamondre Stevenson'],"['Longest Receptionover', 10.5, 51.21951]"
['Rhamondre Stevenson'],"['Longest Receptionunder', 10.5, 55.55556]"
['Alexander Mattison'],"['Rush Ydsover', 17.5, 54.54545]"
['Alexander Mattison'],"['Rush Ydsunder', 17.5, 52.38095]"
['Alexander Mattison'],"['Rec Ydsover', 6.5, 53.48837]"
['Alexander Mattison'],"['Rec Ydsunder', 6.5, 53.48837]"
['Alexander Mattison'],"['Receptionsover', 1.5, 41.66667]"
['Alexander Mattison'],"['Receptionsunder', 1.5, 65.51724]"
['Alexander Mattison'],"['Rush + Rec Ydsover', 28.5, 53.48837]"
['Alexander Mattison'],"['Rush + Rec Ydsunder', 28.5, 53.48837]"
['Alexander Mattison'],"['Longest Rushover', 8.5, 53.48837]"
['Alexander Mattison'],"['Longest Rushunder', 8.5, 53.48837]"
['Dalvin Cook'],"['Rush Ydsover', 76.5, 53.48837]"
['Dalvin Cook'],"['Rush Ydsunder', 76.5, 53.48837]"
['Dalvin Cook'],"['Rec Ydsover', 14.5, 52.38095]"
['Dalvin Cook'],"['Rec Ydsunder', 14.5, 54.54545]"
['Dalvin Cook'],"['Receptionsover', 2.5, 47.61905]"
['Dalvin Cook'],"['Receptionsunder', 2.5, 59.18367]"
['Dalvin Cook'],"['Rush + Rec Ydsover', 95.5, 53.48837]"
['Dalvin Cook'],"['Rush + Rec Ydsunder', 95.5, 53.48837]"
['Dalvin Cook'],"['Rush Attemptsover', 17.5, 54.54545]"
['Dalvin Cook'],"['Rush Attemptsunder', 17.5, 52.38095]"
['Dalvin Cook'],"['Longest Rushover', 16.5, 55.55556]"
['Dalvin Cook'],"['Longest Rushunder', 16.5, 51.21951]"
['Dalvin Cook'],"['Longest Receptionover', 9.5, 54.54545]"
['Dalvin Cook'],"['Longest Receptionunder', 9.5, 52.38095]"
['Raheem Mostert'],"['Rush Ydsover', 60.5, 53.48837]"
['Raheem Mostert'],"['Rush Ydsunder', 60.5, 53.48837]"
['Raheem Mostert'],"['Rec Ydsover', 7.5, 53.48837]"
['Raheem Mostert'],"['Rec Ydsunder', 7.5, 53.48837]"
['Raheem Mostert'],"['Rush + Rec Ydsover', 71.5, 53.48837]"
['Raheem Mostert'],"['Rush + Rec Ydsunder', 71.5, 53.48837]"
['Raheem Mostert'],"['Rush Attemptsover', 13.5, 57.44681]"
['Raheem Mostert'],"['Rush Attemptsunder', 13.5, 50.0]"
['Raheem Mostert'],"['Longest Rushover', 14.5, 52.38095]"
['Raheem Mostert'],"['Longest Rushunder', 14.5, 54.54545]"
['Alvin Kamara'],"['Rush Ydsover', 66.5, 46.51163]"
['Alvin Kamara'],"['Rush Ydsunder', 66.5, 60.0]"
['Alvin Kamara'],"['Rec Ydsover', 31.5, 53.48837]"
['Alvin Kamara'],"['Rec Ydsunder', 31.5, 53.48837]"
['Alvin Kamara'],"['Receptionsover', 3.5, 62.26415]"
['Alvin Kamara'],"['Receptionsunder', 3.5, 45.45455]"
['Alvin Kamara'],"['Rush + Rec Ydsover', 103.5, 53.48837]"
['Alvin Kamara'],"['Rush + Rec Ydsunder', 103.5, 53.48837]"
['Alvin Kamara'],"['Rush Attemptsover', 16.5, 52.38095]"
['Alvin Kamara'],"['Rush Attemptsunder', 16.5, 54.54545]"
['Alvin Kamara'],"['Longest Rushover', 14.5, 54.54545]"
['Alvin Kamara'],"['Longest Rushunder', 14.5, 52.38095]"
['Alvin Kamara'],"['Longest Receptionover', 14.5, 52.38095]"
['Alvin Kamara'],"['Longest Receptionunder', 14.5, 54.54545]"
['Joe Mixon'],"['Rush Ydsover', 64.5, 53.48837]"
['Joe Mixon'],"['Rush Ydsunder', 64.5, 53.48837]"
['Joe Mixon'],"['Rec Ydsover', 21.5, 53.48837]"
['Joe Mixon'],"['Rec Ydsunder', 21.5, 53.48837]"
['Joe Mixon'],"['Receptionsover', 3.5, 48.78049]"
['Joe Mixon'],"['Receptionsunder', 3.5, 57.44681]"
['Joe Mixon'],"['Rush + Rec Ydsover', 90.5, 53.48837]"
['Joe Mixon'],"['Rush + Rec Ydsunder', 90.5, 53.48837]"
['Joe Mixon'],"['Rush Attemptsover', 17.5, 52.38095]"
['Joe Mixon'],"['Rush Attemptsunder', 17.5, 54.54545]"
['Joe Mixon'],"['Longest Rushover', 13.5, 53.48837]"
['Joe Mixon'],"['Longest Rushunder', 13.5, 53.48837]"
['Joe Mixon'],"['Longest Receptionover', 11.5, 53.48837]"
['Joe Mixon'],"['Longest Receptionunder', 11.5, 53.48837]"
['Mark Ingram'],"['Rush Ydsover', 23.5, 54.54545]"
['Mark Ingram'],"['Rush Ydsunder', 23.5, 52.38095]"
['Mark Ingram'],"['Rush + Rec Ydsover', 29.5, 53.48837]"
['Mark Ingram'],"['Rush + Rec Ydsunder', 29.5, 53.48837]"
['Mark Ingram'],"['Rush Attemptsover', 6.5, 56.52174]"
['Mark Ingram'],"['Rush Attemptsunder', 6.5, 50.0]"
['Mark Ingram'],"['Longest Rushover', 8.5, 53.48837]"
['Mark Ingram'],"['Longest Rushunder', 8.5, 53.48837]"
['James Robinson'],"['Rush Ydsover', 40.5, 46.51163]"
['James Robinson'],"['Rush Ydsunder', 40.5, 59.18367]"
['James Robinson'],"['Rec Ydsover', 11.5, 52.38095]"
['James Robinson'],"['Rec Ydsunder', 11.5, 54.54545]"
['James Robinson'],"['Rush + Rec Ydsover', 55.5, 47.61905]"
['James Robinson'],"['Rush + Rec Ydsunder', 55.5, 58.33333]"
['James Robinson'],"['Longest Rushover', 12.5, 52.38095]"
['James Robinson'],"['Longest Rushunder', 12.5, 54.54545]"
['Travis Etienne'],"['Rush Ydsover', 32.5, 57.44681]"
['Travis Etienne'],"['Rush Ydsunder', 32.5, 48.78049]"
['Travis Etienne'],"['Rush + Rec Ydsover', 55.5, 52.38095]"
['Travis Etienne'],"['Rush + Rec Ydsunder', 55.5, 54.54545]"
['Travis Etienne'],"['Longest Rushover', 12.5, 51.21951]"
['Travis Etienne'],"['Longest Rushunder', 12.5, 55.55556]"
['Eno Benjamin'],"['Rush Ydsover', 61.5, 52.38095]"
['Eno Benjamin'],"['Rush Ydsunder', 61.5, 54.54545]"
['Eno Benjamin'],"['Rec Ydsover', 26.5, 52.38095]"
['Eno Benjamin'],"['Rec Ydsunder', 26.5, 54.54545]"
['Eno Benjamin'],"['Receptionsover', 3.5, 57.44681]"
['Eno Benjamin'],"['Receptionsunder', 3.5, 50.0]"
['Eno Benjamin'],"['Rush + Rec Ydsover', 92.5, 53.48837]"
['Eno Benjamin'],"['Rush + Rec Ydsunder', 92.5, 53.48837]"
['Eno Benjamin'],"['Rush Attemptsover', 14.5, 50.0]"
['Eno Benjamin'],"['Rush Attemptsunder', 14.5, 57.44681]"
['Eno Benjamin'],"['Longest Rushover', 15.5, 51.21951]"
['Eno Benjamin'],"['Longest Rushunder', 15.5, 55.55556]"
['Eno Benjamin'],"['Longest Receptionover', 12.5, 56.52174]"
['Eno Benjamin'],"['Longest Receptionunder', 12.5, 51.21951]"
['Kenneth Walker III'],"['Rush Ydsover', 60.5, 53.48837]"
['Kenneth Walker III'],"['Rush Ydsunder', 60.5, 53.48837]"
['Kenneth Walker III'],"['Rec Ydsover', 12.5, 54.54545]"
['Kenneth Walker III'],"['Rec Ydsunder', 12.5, 52.38095]"
['Kenneth Walker III'],"['Receptionsover', 2.5, 40.0]"
['Kenneth Walker III'],"['Receptionsunder', 2.5, 67.21311]"
['Kenneth Walker III'],"['Rush + Rec Ydsover', 78.5, 53.48837]"
['Kenneth Walker III'],"['Rush + Rec Ydsunder', 78.5, 53.48837]"
['Kenneth Walker III'],"['Rush Attemptsover', 14.5, 55.55556]"
['Kenneth Walker III'],"['Rush Attemptsunder', 14.5, 51.21951]"
['Kenneth Walker III'],"['Longest Rushover', 15.5, 53.48837]"
['Kenneth Walker III'],"['Longest Rushunder', 15.5, 53.48837]"
['Kenneth Walker III'],"['Longest Receptionover', 9.5, 51.21951]"
['Kenneth Walker III'],"['Longest Receptionunder', 9.5, 56.52174]"
['Rondale Moore'],"['Rush Ydsover', 3.5, 53.48837]"
['Rondale Moore'],"['Rush Ydsunder', 3.5, 53.48837]"
['Rondale Moore'],"['Rec Ydsover', 45.5, 53.48837]"
['Rondale Moore'],"['Rec Ydsunder', 45.5, 53.48837]"
['Rondale Moore'],"['Receptionsover', 5.5, 44.44444]"
['Rondale Moore'],"['Receptionsunder', 5.5, 62.26415]"
['Rondale Moore'],"['Longest Receptionover', 18.5, 52.38095]"
['Rondale Moore'],"['Longest Receptionunder', 18.5, 54.54545]"
['Christian McCaffrey'],"['Rush Ydsover', 59.5, 53.48837]"
['Christian McCaffrey'],"['Rush Ydsunder', 59.5, 53.48837]"
['Christian McCaffrey'],"['Rec Ydsover', 39.5, 53.48837]"
['Christian McCaffrey'],"['Rec Ydsunder', 39.5, 53.48837]"
['Christian McCaffrey'],"['Receptionsover', 5.5, 44.44444]"
['Christian McCaffrey'],"['Receptionsunder', 5.5, 62.26415]"
['Christian McCaffrey'],"['Rush + Rec Ydsover', 103.5, 53.48837]"
['Christian McCaffrey'],"['Rush + Rec Ydsunder', 103.5, 53.48837]"
['Christian McCaffrey'],"['Rush Attemptsover', 14.5, 57.44681]"
['Christian McCaffrey'],"['Rush Attemptsunder', 14.5, 50.0]"
['Christian McCaffrey'],"['Longest Rushover', 14.5, 52.38095]"
['Christian McCaffrey'],"['Longest Rushunder', 14.5, 54.54545]"
['Christian McCaffrey'],"['Longest Receptionover', 15.5, 52.38095]"
['Christian McCaffrey'],"['Longest Receptionunder', 15.5, 54.54545]"
['Darrell Henderson Jr.'],"['Rush Ydsover', 59.5, 53.48837]"
['Darrell Henderson Jr.'],"['Rush Ydsunder', 59.5, 53.48837]"
['Darrell Henderson Jr.'],"['Rec Ydsover', 18.5, 52.38095]"
['Darrell Henderson Jr.'],"['Rec Ydsunder', 18.5, 54.54545]"
['Darrell Henderson Jr.'],"['Receptionsover', 2.5, 59.18367]"
['Darrell Henderson Jr.'],"['Receptionsunder', 2.5, 47.61905]"
['Darrell Henderson Jr.'],"['Rush + Rec Ydsover', 80.5, 54.54545]"
['Darrell Henderson Jr.'],"['Rush + Rec Ydsunder', 80.5, 52.38095]"
['Darrell Henderson Jr.'],"['Longest Rushover', 14.5, 55.55556]"
['Darrell Henderson Jr.'],"['Longest Rushunder', 14.5, 51.21951]"
['Darrell Henderson Jr.'],"['Longest Receptionover', 10.5, 55.55556]"
['Darrell Henderson Jr.'],"['Longest Receptionunder', 10.5, 51.21951]"
['Clyde Edwards-Helaire'],"['Rush Ydsover', 37.5, 53.48837]"
['Clyde Edwards-Helaire'],"['Rush Ydsunder', 37.5, 53.48837]"
['Clyde Edwards-Helaire'],"['Rec Ydsover', 18.5, 54.54545]"
['Clyde Edwards-Helaire'],"['Rec Ydsunder', 18.5, 52.38095]"
['Clyde Edwards-Helaire'],"['Receptionsover', 2.5, 62.96296]"
['Clyde Edwards-Helaire'],"['Receptionsunder', 2.5, 43.47826]"
['Clyde Edwards-Helaire'],"['Rush + Rec Ydsover', 60.5, 53.48837]"
['Clyde Edwards-Helaire'],"['Rush + Rec Ydsunder', 60.5, 53.48837]"
['Clyde Edwards-Helaire'],"['Rush Attemptsover', 9.5, 53.48837]"
['Clyde Edwards-Helaire'],"['Rush Attemptsunder', 9.5, 53.48837]"
['Clyde Edwards-Helaire'],"['Longest Rushover', 11.5, 54.54545]"
['Clyde Edwards-Helaire'],"['Longest Rushunder', 11.5, 52.38095]"
['Clyde Edwards-Helaire'],"['Longest Receptionover', 10.5, 56.52174]"
['Clyde Edwards-Helaire'],"['Longest Receptionunder', 10.5, 50.0]"
['Devin Singletary'],"['Rush Ydsover', 40.5, 53.48837]"
['Devin Singletary'],"['Rush Ydsunder', 40.5, 53.48837]"
['Devin Singletary'],"['Rec Ydsover', 20.5, 58.33333]"
['Devin Singletary'],"['Rec Ydsunder', 20.5, 48.78049]"
['Devin Singletary'],"['Receptionsover', 2.5, 61.53846]"
['Devin Singletary'],"['Receptionsunder', 2.5, 45.45455]"
['Devin Singletary'],"['Rush + Rec Ydsover', 64.5, 54.54545]"
['Devin Singletary'],"['Rush + Rec Ydsunder', 64.5, 52.38095]"
['Devin Singletary'],"['Longest Rushover', 11.5, 55.55556]"
['Devin Singletary'],"['Longest Rushunder', 11.5, 51.21951]"
['Devin Singletary'],"['Longest Receptionover', 11.5, 53.48837]"
['Devin Singletary'],"['Longest Receptionunder', 11.5, 53.48837]"
['Jerick McKinnon'],"['Rush Ydsover', 17.5, 52.38095]"
['Jerick McKinnon'],"['Rush Ydsunder', 17.5, 54.54545]"
['Jerick McKinnon'],"['Rec Ydsover', 12.5, 53.48837]"
['Jerick McKinnon'],"['Rec Ydsunder', 12.5, 53.48837]"
['Jerick McKinnon'],"['Rush + Rec Ydsover', 33.5, 52.38095]"
['Jerick McKinnon'],"['Rush + Rec Ydsunder', 33.5, 54.54545]"
['Jerick McKinnon'],"['Longest Rushover', 8.5, 50.0]"
['Jerick McKinnon'],"['Longest Rushunder', 8.5, 56.52174]"
['Jerick McKinnon'],"['Longest Receptionover', 8.5, 56.52174]"
['Jerick McKinnon'],"['Longest Receptionunder', 8.5, 50.0]"
['Ezekiel Elliott'],"['Rush Ydsover', 58.5, 53.48837]"
['Ezekiel Elliott'],"['Rush Ydsunder', 58.5, 53.48837]"
['Ezekiel Elliott'],"['Rec Ydsover', 10.5, 54.54545]"
['Ezekiel Elliott'],"['Rec Ydsunder', 10.5, 52.38095]"
['Ezekiel Elliott'],"['Receptionsover', 1.5, 62.26415]"
['Ezekiel Elliott'],"['Receptionsunder', 1.5, 44.44444]"
['Ezekiel Elliott'],"['Rush + Rec Ydsover', 72.5, 53.48837]"
['Ezekiel Elliott'],"['Rush + Rec Ydsunder', 72.5, 53.48837]"
['Ezekiel Elliott'],"['Rush Attemptsover', 15.5, 53.48837]"
['Ezekiel Elliott'],"['Rush Attemptsunder', 15.5, 53.48837]"
['Ezekiel Elliott'],"['Longest Rushover', 13.5, 53.48837]"
['Ezekiel Elliott'],"['Longest Rushunder', 13.5, 53.48837]"
['Miles Sanders'],"['Rush Ydsover', 64.5, 53.48837]"
['Miles Sanders'],"['Rush Ydsunder', 64.5, 53.48837]"
['Miles Sanders'],"['Rec Ydsover', 12.5, 52.38095]"
['Miles Sanders'],"['Rec Ydsunder', 12.5, 54.54545]"
['Miles Sanders'],"['Receptionsover', 2.5, 40.81633]"
['Miles Sanders'],"['Receptionsunder', 2.5, 66.10169]"
['Miles Sanders'],"['Rush + Rec Ydsover', 81.5, 53.48837]"
['Miles Sanders'],"['Rush + Rec Ydsunder', 81.5, 53.48837]"
['Miles Sanders'],"['Rush Attemptsover', 14.5, 55.55556]"
['Miles Sanders'],"['Rush Attemptsunder', 14.5, 51.21951]"
['Miles Sanders'],"['Longest Rushover', 15.5, 54.54545]"
['Miles Sanders'],"['Longest Rushunder', 15.5, 52.38095]"
['Miles Sanders'],"['Longest Receptionover', 8.5, 55.55556]"
['Miles Sanders'],"['Longest Receptionunder', 8.5, 52.38095]"
['Tony Pollard'],"['Rush Ydsover', 33.5, 52.38095]"
['Tony Pollard'],"['Rush Ydsunder', 33.5, 54.54545]"
['Tony Pollard'],"['Rec Ydsover', 13.5, 52.38095]"
['Tony Pollard'],"['Rec Ydsunder', 13.5, 54.54545]"
['Tony Pollard'],"['Receptionsover', 1.5, 65.51724]"
['Tony Pollard'],"['Receptionsunder', 1.5, 41.66667]"
['Tony Pollard'],"['Rush + Rec Ydsover', 50.5, 53.48837]"
['Tony Pollard'],"['Rush + Rec Ydsunder', 50.5, 53.48837]"
['Tony Pollard'],"['Rush Attemptsover', 8.5, 54.54545]"
['Tony Pollard'],"['Rush Attemptsunder', 8.5, 52.38095]"
['Tony Pollard'],"['Longest Rushover', 11.5, 53.48837]"
['Tony Pollard'],"['Longest Rushunder', 11.5, 53.48837]"
['Tony Pollard'],"['Longest Receptionover', 9.5, 51.21951]"
['Tony Pollard'],"['Longest Receptionunder', 9.5, 55.55556]"
['Austin Ekeler'],"['Rush Ydsover', 58.5, 54.54545]"
['Austin Ekeler'],"['Rush Ydsunder', 58.5, 52.38095]"
['Brandon Aiyuk'],"['Rec Ydsover', 49.5, 53.48837]"
['Brandon Aiyuk'],"['Rec Ydsunder', 49.5, 53.48837]"
['Brandon Aiyuk'],"['Receptionsover', 3.5, 61.53846]"
['Brandon Aiyuk'],"['Receptionsunder', 3.5, 45.45455]"
['Brandon Aiyuk'],"['Longest Receptionover', 20.5, 54.54545]"
['Brandon Aiyuk'],"['Longest Receptionunder', 20.5, 52.38095]"
['Drake London'],"['Rec Ydsover', 52.5, 53.48837]"
['Drake London'],"['Rec Ydsunder', 52.5, 53.48837]"
['Drake London'],"['Receptionsover', 4.5, 54.54545]"
['Drake London'],"['Receptionsunder', 4.5, 52.38095]"
['Drake London'],"['Longest Receptionover', 20.5, 54.54545]"
['Drake London'],"['Longest Receptionunder', 20.5, 52.38095]"
['George Kittle'],"['Rec Ydsover', 41.5, 53.48837]"
['George Kittle'],"['Rec Ydsunder', 41.5, 53.48837]"
['George Kittle'],"['Receptionsover', 3.5, 58.33333]"
['George Kittle'],"['Receptionsunder', 3.5, 48.78049]"
['George Kittle'],"['Longest Receptionover', 18.5, 52.38095]"
['George Kittle'],"['Longest Receptionunder', 18.5, 54.54545]"
['Jauan Jennings'],"['Rec Ydsover', 17.5, 53.48837]"
['Jauan Jennings'],"['Rec Ydsunder', 17.5, 53.48837]"
['Jauan Jennings'],"['Receptionsover', 1.5, 60.0]"
['Jauan Jennings'],"['Receptionsunder', 1.5, 46.51163]"
['Jauan Jennings'],"['Longest Receptionover', 12.5, 52.38095]"
['Jauan Jennings'],"['Longest Receptionunder', 12.5, 54.54545]"
['Kyle Juszczyk'],"['Rec Ydsover', 8.5, 53.48837]"
['Kyle Juszczyk'],"['Rec Ydsunder', 8.5, 53.48837]"
['Olamide Zaccheaus'],"['Rec Ydsover', 26.5, 53.48837]"
['Olamide Zaccheaus'],"['Rec Ydsunder', 26.5, 53.48837]"
['Olamide Zaccheaus'],"['Receptionsover', 2.5, 43.47826]"
['Olamide Zaccheaus'],"['Receptionsunder', 2.5, 63.63636]"
['Olamide Zaccheaus'],"['Longest Receptionover', 16.5, 53.48837]"
['Olamide Zaccheaus'],"['Longest Receptionunder', 16.5, 53.48837]"
['Cameron Brate'],"['Rec Ydsover', 22.5, 54.54545]"
['Cameron Brate'],"['Rec Ydsunder', 22.5, 52.38095]"
['Cameron Brate'],"['Receptionsover', 2.5, 48.78049]"
['Cameron Brate'],"['Receptionsunder', 2.5, 58.33333]"
['Cameron Brate'],"['Longest Receptionover', 12.5, 55.55556]"
['Cameron Brate'],"['Longest Receptionunder', 12.5, 51.21951]"
['Chase Claypool'],"['Rec Ydsover', 39.5, 51.21951]"
['Chase Claypool'],"['Rec Ydsunder', 39.5, 56.52174]"
['Chase Claypool'],"['Receptionsover', 3.5, 53.48837]"
['Chase Claypool'],"['Receptionsunder', 3.5, 52.38095]"
['Chase Claypool'],"['Longest Receptionover', 17.5, 52.38095]"
['Chase Claypool'],"['Longest Receptionunder', 17.5, 54.54545]"
['Chris Godwin'],"['Rec Ydsover', 60.5, 53.48837]"
['Chris Godwin'],"['Rec Ydsunder', 60.5, 53.48837]"
['Chris Godwin'],"['Receptionsover', 5.5, 58.33333]"
['Chris Godwin'],"['Receptionsunder', 5.5, 48.78049]"
['Chris Godwin'],"['Longest Receptionover', 21.5, 51.21951]"
['Chris Godwin'],"['Longest Receptionunder', 21.5, 55.55556]"
['Diontae Johnson'],"['Rec Ydsover', 59.5, 53.48837]"
['Diontae Johnson'],"['Rec Ydsunder', 59.5, 53.48837]"
['Diontae Johnson'],"['Receptionsover', 5.5, 48.78049]"
['Diontae Johnson'],"['Receptionsunder', 5.5, 57.44681]"
['Diontae Johnson'],"['Longest Receptionover', 20.5, 54.54545]"
['Diontae Johnson'],"['Longest Receptionunder', 20.5, 52.38095]"
['George Pickens'],"['Rec Ydsover', 45.5, 54.54545]"
['George Pickens'],"['Rec Ydsunder', 45.5, 52.38095]"
['George Pickens'],"['Receptionsover', 4.5, 47.61905]"
['George Pickens'],"['Receptionsunder', 4.5, 59.18367]"
['George Pickens'],"['Longest Receptionover', 18.5, 54.54545]"
['George Pickens'],"['Longest Receptionunder', 18.5, 52.38095]"
['Mike Evans'],"['Rec Ydsover', 68.5, 54.54545]"
['Mike Evans'],"['Rec Ydsunder', 68.5, 52.38095]"
['Mike Evans'],"['Receptionsover', 4.5, 60.78431]"
['Mike Evans'],"['Receptionsunder', 4.5, 46.51163]"
['Mike Evans'],"['Longest Receptionover', 24.5, 54.54545]"
['Mike Evans'],"['Longest Receptionunder', 24.5, 52.38095]"
['Russell Gage'],"['Rec Ydsover', 35.5, 52.38095]"
['Russell Gage'],"['Rec Ydsunder', 35.5, 54.54545]"
['Russell Gage'],"['Longest Receptionover', 16.5, 54.54545]"
['Russell Gage'],"['Longest Receptionunder', 16.5, 52.38095]"
['Zach Gentry'],"['Rec Ydsover', 25.5, 52.38095]"
['Zach Gentry'],"['Rec Ydsunder', 25.5, 54.54545]"
['Zach Gentry'],"['Receptionsover', 2.5, 59.18367]"
['Zach Gentry'],"['Receptionsunder', 2.5, 47.61905]"
['Zach Gentry'],"['Longest Receptionover', 13.5, 54.54545]"
['Zach Gentry'],"['Longest Receptionunder', 13.5, 53.48837]"
['Daniel Bellinger'],"['Rec Ydsover', 21.5, 53.48837]"
['Daniel Bellinger'],"['Rec Ydsunder', 21.5, 53.48837]"
['Daniel Bellinger'],"['Receptionsover', 2.5, 45.45455]"
['Daniel Bellinger'],"['Receptionsunder', 2.5, 61.53846]"
['Daniel Bellinger'],"['Longest Receptionover', 13.5, 51.21951]"
['Daniel Bellinger'],"['Longest Receptionunder', 13.5, 55.55556]"
['Darius Slayton'],"['Rec Ydsover', 38.5, 53.48837]"
['Darius Slayton'],"['Rec Ydsunder', 38.5, 53.48837]"
['Darius Slayton'],"['Receptionsover', 3.5, 42.55319]"
['Darius Slayton'],"['Receptionsunder', 3.5, 64.28571]"
['Darius Slayton'],"['Longest Receptionover', 18.5, 54.54545]"
['Darius Slayton'],"['Longest Receptionunder', 18.5, 52.38095]"
['Demarcus Robinson'],"['Rec Ydsover', 19.5, 52.38095]"
['Demarcus Robinson'],"['Rec Ydsunder', 19.5, 54.54545]"
['Demarcus Robinson'],"['Receptionsover', 1.5, 60.78431]"
['Demarcus Robinson'],"['Receptionsunder', 1.5, 46.51163]"
['Demarcus Robinson'],"['Longest Receptionover', 13.5, 51.21951]"
['Demarcus Robinson'],"['Longest Receptionunder', 13.5, 55.55556]"
['Devin Duvernay'],"['Rec Ydsover', 37.5, 53.48837]"
['Devin Duvernay'],"['Rec Ydsunder', 37.5, 53.48837]"
['Devin Duvernay'],"['Receptionsover', 3.5, 46.51163]"
['Devin Duvernay'],"['Receptionsunder', 3.5, 60.0]"
['Devin Duvernay'],"['Longest Receptionover', 18.5, 51.21951]"
['Devin Duvernay'],"['Longest Receptionunder', 18.5, 55.55556]"
['Isaiah Likely'],"['Rec Ydsover', 12.5, 54.54545]"
['Isaiah Likely'],"['Rec Ydsunder', 12.5, 52.38095]"
['Mark Andrews'],"['Rec Ydsover', 70.5, 56.52174]"
['Mark Andrews'],"['Rec Ydsunder', 70.5, 51.21951]"
['Mark Andrews'],"['Receptionsover', 5.5, 60.0]"
['Mark Andrews'],"['Receptionsunder', 5.5, 46.51163]"
['Mark Andrews'],"['Longest Receptionover', 22.5, 53.48837]"
['Mark Andrews'],"['Longest Receptionunder', 22.5, 53.48837]"
['Allen Lazard'],"['Rec Ydsover', 46.5, 54.54545]"
['Allen Lazard'],"['Rec Ydsunder', 46.5, 52.38095]"
['Allen Lazard'],"['Receptionsover', 3.5, 62.26415]"
['Allen Lazard'],"['Receptionsunder', 3.5, 44.44444]"
['Allen Lazard'],"['Longest Receptionover', 19.5, 54.54545]"
['Allen Lazard'],"['Longest Receptionunder', 19.5, 52.38095]"
['Corey Davis'],"['Rec Ydsover', 37.5, 53.48837]"
['Corey Davis'],"['Rec Ydsunder', 37.5, 53.48837]"
['Corey Davis'],"['Receptionsover', 3.5, 42.55319]"
['Corey Davis'],"['Receptionsunder', 3.5, 64.28571]"
['Corey Davis'],"['Longest Receptionover', 18.5, 52.38095]"
['Corey Davis'],"['Longest Receptionunder', 18.5, 54.54545]"
['Elijah Moore'],"['Rec Ydsover', 36.5, 54.54545]"
['Elijah Moore'],"['Rec Ydsunder', 36.5, 52.38095]"
['Elijah Moore'],"['Receptionsover', 3.5, 44.44444]"
['Elijah Moore'],"['Receptionsunder', 3.5, 62.26415]"
['Elijah Moore'],"['Longest Receptionover', 17.5, 55.55556]"
['Elijah Moore'],"['Longest Receptionunder', 17.5, 51.21951]"
['Garrett Wilson'],"['Rec Ydsover', 45.5, 53.48837]"
['Garrett Wilson'],"['Rec Ydsunder', 45.5, 53.48837]"
['Garrett Wilson'],"['Receptionsover', 4.5, 46.51163]"
['Garrett Wilson'],"['Receptionsunder', 4.5, 60.0]"
['Garrett Wilson'],"['Longest Receptionover', 18.5, 55.55556]"
['Garrett Wilson'],"['Longest Receptionunder', 18.5, 51.21951]"
['Randall Cobb'],"['Rec Ydsover', 38.5, 54.54545]"
['Randall Cobb'],"['Rec Ydsunder', 38.5, 52.38095]"
['Randall Cobb'],"['Receptionsover', 3.5, 56.52174]"
['Randall Cobb'],"['Receptionsunder', 3.5, 51.21951]"
['Randall Cobb'],"['Longest Receptionover', 17.5, 54.54545]"
['Randall Cobb'],"['Longest Receptionunder', 17.5, 52.38095]"
['Robert Tonyan'],"['Rec Ydsover', 24.5, 53.48837]"
['Robert Tonyan'],"['Rec Ydsunder', 24.5, 53.48837]"
['Robert Tonyan'],"['Receptionsover', 2.5, 65.51724]"
['Robert Tonyan'],"['Receptionsunder', 2.5, 41.66667]"
['Robert Tonyan'],"['Longest Receptionover', 13.5, 51.21951]"
['Robert Tonyan'],"['Longest Receptionunder', 13.5, 55.55556]"
['Romeo Doubs'],"['Rec Ydsover', 49.5, 53.48837]"
['Romeo Doubs'],"['Rec Ydsunder', 49.5, 53.48837]"
['Romeo Doubs'],"['Receptionsover', 4.5, 51.21951]"
['Romeo Doubs'],"['Receptionsunder', 4.5, 55.55556]"
['Romeo Doubs'],"['Longest Receptionover', 20.5, 51.21951]"
['Romeo Doubs'],"['Longest Receptionunder', 20.5, 55.55556]"
['Tyler Conklin'],"['Rec Ydsover', 20.5, 52.38095]"
['Tyler Conklin'],"['Rec Ydsunder', 20.5, 54.54545]"
['Tyler Conklin'],"['Receptionsover', 2.5, 48.78049]"
['Tyler Conklin'],"['Receptionsunder', 2.5, 58.33333]"
['Tyler Conklin'],"['Longest Receptionover', 12.5, 51.21951]"
['Tyler Conklin'],"['Longest Receptionunder', 12.5, 55.55556]"
['Amari Cooper'],"['Rec Ydsover', 50.5, 53.48837]"
['Amari Cooper'],"['Rec Ydsunder', 50.5, 53.48837]"
['Amari Cooper'],"['Receptionsover', 4.5, 48.78049]"
['Amari Cooper'],"['Receptionsunder', 4.5, 58.33333]"
['Amari Cooper'],"['Longest Receptionover', 20.5, 52.38095]"
['Amari Cooper'],"['Longest Receptionunder', 20.5, 54.54545]"
['David Bell'],"['Rec Ydsover', 7.5, 52.38095]"
['David Bell'],"['Rec Ydsunder', 7.5, 54.54545]"
['David Njoku'],"['Rec Ydsover', 38.5, 53.48837]"
['David Njoku'],"['Rec Ydsunder', 38.5, 53.48837]"
['David Njoku'],"['Receptionsover', 3.5, 53.48837]"
['David Njoku'],"['Receptionsunder', 3.5, 53.48837]"
['David Njoku'],"['Longest Receptionover', 17.5, 52.38095]"
['David Njoku'],"['Longest Receptionunder', 17.5, 54.54545]"
['Donovan Peoples-Jones'],"['Rec Ydsover', 33.5, 54.54545]"
['Donovan Peoples-Jones'],"['Rec Ydsunder', 33.5, 52.38095]"
['Donovan Peoples-Jones'],"['Receptionsover', 2.5, 58.33333]"
['Donovan Peoples-Jones'],"['Receptionsunder', 2.5, 48.78049]"
['Donovan Peoples-Jones'],"['Longest Receptionover', 17.5, 52.38095]"
['Donovan Peoples-Jones'],"['Longest Receptionunder', 17.5, 54.54545]"
['Harrison Bryant'],"['Rec Ydsover', 13.5, 53.48837]"
['Harrison Bryant'],"['Rec Ydsunder', 13.5, 53.48837]"
['Harrison Bryant'],"['Receptionsover', 1.5, 52.38095]"
['Harrison Bryant'],"['Receptionsunder', 1.5, 54.54545]"
['Harrison Bryant'],"['Longest Receptionover', 10.5, 52.38095]"
['Harrison Bryant'],"['Longest Receptionunder', 10.5, 54.54545]"
['Jakobi Meyers'],"['Rec Ydsover', 50.5, 53.48837]"
['Jakobi Meyers'],"['Rec Ydsunder', 50.5, 53.48837]"
['Jakobi Meyers'],"['Longest Receptionover', 19.5, 55.55556]"
['Jakobi Meyers'],"['Longest Receptionunder', 19.5, 51.21951]"
['Adam Thielen'],"['Rec Ydsover', 53.5, 53.48837]"
['Adam Thielen'],"['Rec Ydsunder', 53.5, 53.48837]"
['Adam Thielen'],"['Receptionsover', 4.5, 50.0]"
['Adam Thielen'],"['Receptionsunder', 4.5, 56.52174]"
['Adam Thielen'],"['Longest Receptionover', 20.5, 55.55556]"
['Adam Thielen'],"['Longest Receptionunder', 20.5, 51.21951]"
['Irv Smith Jr.'],"['Rec Ydsover', 29.5, 52.38095]"
['Irv Smith Jr.'],"['Rec Ydsunder', 29.5, 54.54545]"
['Irv Smith Jr.'],"['Receptionsover', 2.5, 64.28571]"
['Irv Smith Jr.'],"['Receptionsunder', 2.5, 42.55319]"
['Irv Smith Jr.'],"['Longest Receptionover', 15.5, 51.21951]"
['Irv Smith Jr.'],"['Longest Receptionunder', 15.5, 55.55556]"
['Jaylen Waddle'],"['Rec Ydsover', 50.5, 53.48837]"
['Jaylen Waddle'],"['Rec Ydsunder', 50.5, 53.48837]"
['Jaylen Waddle'],"['Receptionsover', 4.5, 51.21951]"
['Jaylen Waddle'],"['Receptionsunder', 4.5, 55.55556]"
['Jaylen Waddle'],"['Longest Receptionover', 20.5, 52.38095]"
['Jaylen Waddle'],"['Longest Receptionunder', 20.5, 54.54545]"
['Johnny Mundt'],"['Rec Ydsover', 8.5, 52.38095]"
['Johnny Mundt'],"['Rec Ydsunder', 8.5, 54.54545]"
['Justin Jefferson'],"['Rec Ydsover', 87.5, 53.48837]"
['Justin Jefferson'],"['Rec Ydsunder', 87.5, 53.48837]"
['Justin Jefferson'],"['Receptionsover', 6.5, 58.33333]"
['Justin Jefferson'],"['Receptionsunder', 6.5, 48.78049]"
['Justin Jefferson'],"['Longest Receptionover', 26.5, 54.54545]"
['Justin Jefferson'],"['Longest Receptionunder', 26.5, 52.38095]"
['K.J. Osborn'],"['Rec Ydsover', 28.5, 54.54545]"
['K.J. Osborn'],"['Rec Ydsunder', 28.5, 52.38095]"
['K.J. Osborn'],"['Receptionsover', 2.5, 54.54545]"
['K.J. Osborn'],"['Receptionsunder', 2.5, 52.38095]"
['K.J. Osborn'],"['Longest Receptionover', 16.5, 52.38095]"
['K.J. Osborn'],"['Longest Receptionunder', 16.5, 54.54545]"
['Mike Gesicki'],"['Rec Ydsover', 19.5, 48.78049]"
['Mike Gesicki'],"['Rec Ydsunder', 19.5, 57.44681]"
['Mike Gesicki'],"['Receptionsover', 1.5, 65.51724]"
['Mike Gesicki'],"['Receptionsunder', 1.5, 40.81633]"
['Mike Gesicki'],"['Longest Receptionover', 13.5, 52.38095]"
['Mike Gesicki'],"['Longest Receptionunder', 13.5, 54.54545]"
['Trent Sherfield'],"['Rec Ydsover', 15.5, 53.48837]"
['Trent Sherfield'],"['Rec Ydsunder', 15.5, 53.48837]"
['Trent Sherfield'],"['Receptionsover', 1.5, 50.0]"
['Trent Sherfield'],"['Receptionsunder', 1.5, 56.52174]"
['Trent Sherfield'],"['Longest Receptionover', 11.5, 53.48837]"
['Trent Sherfield'],"['Longest Receptionunder', 11.5, 53.48837]"
['Tyreek Hill'],"['Rec Ydsover', 63.5, 53.48837]"
['Tyreek Hill'],"['Rec Ydsunder', 63.5, 53.48837]"
['Tyreek Hill'],"['Receptionsover', 5.5, 52.38095]"
['Tyreek Hill'],"['Receptionsunder', 5.5, 53.48837]"
['Tyreek Hill'],"['Longest Receptionover', 23.5, 54.54545]"
['Tyreek Hill'],"['Longest Receptionunder', 23.5, 52.38095]"
['Hayden Hurst'],"['Rec Ydsover', 36.5, 53.48837]"
['Hayden Hurst'],"['Rec Ydsunder', 36.5, 53.48837]"
['Hayden Hurst'],"['Receptionsover', 3.5, 62.26415]"
['Hayden Hurst'],"['Receptionsunder', 3.5, 44.44444]"
['Hayden Hurst'],"['Longest Receptionover', 16.5, 52.38095]"
['Hayden Hurst'],"['Longest Receptionunder', 16.5, 55.55556]"
"[""Ja'Marr Chase""]","['Rec Ydsover', 81.5, 53.48837]"
"[""Ja'Marr Chase""]","['Rec Ydsunder', 81.5, 53.48837]"
"[""Ja'Marr Chase""]","['Receptionsover', 6.5, 51.21951]"
"[""Ja'Marr Chase""]","['Receptionsunder', 6.5, 55.55556]"
"[""Ja'Marr Chase""]","['Longest Receptionover', 27.5, 52.38095]"
"[""Ja'Marr Chase""]","['Longest Receptionunder', 27.5, 54.54545]"
['Samaje Perine'],"['Rec Ydsover', 7.5, 54.54545]"
['Samaje Perine'],"['Rec Ydsunder', 7.5, 52.38095]"
['Tyler Boyd'],"['Rec Ydsover', 45.5, 53.48837]"
['Tyler Boyd'],"['Rec Ydsunder', 45.5, 53.48837]"
['Tyler Boyd'],"['Receptionsover', 3.5, 62.96296]"
['Tyler Boyd'],"['Receptionsunder', 3.5, 43.47826]"
['Tyler Boyd'],"['Longest Receptionover', 19.5, 53.48837]"
['Tyler Boyd'],"['Longest Receptionunder', 19.5, 53.48837]"
['Christian Kirk'],"['Rec Ydsover', 55.5, 55.55556]"
['Christian Kirk'],"['Rec Ydsunder', 55.5, 52.38095]"
['Christian Kirk'],"['Receptionsover', 4.5, 60.0]"
['Christian Kirk'],"['Receptionsunder', 4.5, 46.51163]"
['Christian Kirk'],"['Longest Receptionover', 20.5, 54.54545]"
['Christian Kirk'],"['Longest Receptionunder', 20.5, 52.38095]"
['Evan Engram'],"['Rec Ydsover', 29.5, 53.48837]"
['Evan Engram'],"['Rec Ydsunder', 29.5, 53.48837]"
['Evan Engram'],"['Receptionsover', 3.5, 43.47826]"
['Evan Engram'],"['Receptionsunder', 3.5, 62.96296]"
['Evan Engram'],"['Longest Receptionover', 14.5, 54.54545]"
['Evan Engram'],"['Longest Receptionunder', 14.5, 52.38095]"
['Marvin Jones Jr.'],"['Rec Ydsover', 39.5, 52.38095]"
['Marvin Jones Jr.'],"['Rec Ydsunder', 39.5, 54.54545]"
['Marvin Jones Jr.'],"['Longest Receptionover', 18.5, 52.38095]"
['Marvin Jones Jr.'],"['Longest Receptionunder', 18.5, 54.54545]"
['Michael Pittman Jr.'],"['Rec Ydsover', 65.5, 53.48837]"
['Michael Pittman Jr.'],"['Rec Ydsunder', 65.5, 53.48837]"
['Michael Pittman Jr.'],"['Longest Receptionover', 22.5, 52.38095]"
['Michael Pittman Jr.'],"['Longest Receptionunder', 22.5, 54.54545]"
['Zay Jones'],"['Rec Ydsover', 40.5, 53.48837]"
['Zay Jones'],"['Rec Ydsunder', 40.5, 53.48837]"
['Zay Jones'],"['Receptionsover', 3.5, 59.18367]"
['Zay Jones'],"['Receptionsunder', 3.5, 47.61905]"
['Zay Jones'],"['Longest Receptionover', 17.5, 54.54545]"
['Zay Jones'],"['Longest Receptionunder', 17.5, 52.38095]"
['A.J. Green (ARI)'],"['Rec Ydsover', 24.5, 54.54545]"
['A.J. Green (ARI)'],"['Rec Ydsunder', 24.5, 52.38095]"
['A.J. Green (ARI)'],"['Receptionsover', 2.5, 46.51163]"
['A.J. Green (ARI)'],"['Receptionsunder', 2.5, 60.78431]"
['A.J. Green (ARI)'],"['Longest Receptionover', 14.5, 54.54545]"
['A.J. Green (ARI)'],"['Longest Receptionunder', 14.5, 52.38095]"
['DK Metcalf'],"['Rec Ydsover', 70.5, 51.21951]"
['DK Metcalf'],"['Rec Ydsunder', 70.5, 55.55556]"
['DK Metcalf'],"['Receptionsover', 5.5, 50.0]"
['DK Metcalf'],"['Receptionsunder', 5.5, 56.52174]"
['DK Metcalf'],"['Longest Receptionover', 25.5, 52.38095]"
['DK Metcalf'],"['Longest Receptionunder', 25.5, 54.54545]"
['Marquise Brown'],"['Rec Ydsover', 69.5, 57.44681]"
['Marquise Brown'],"['Rec Ydsunder', 69.5, 48.78049]"
['Marquise Brown'],"['Receptionsover', 6.5, 48.78049]"
['Marquise Brown'],"['Receptionsunder', 6.5, 58.33333]"
['Marquise Brown'],"['Longest Receptionover', 23.5, 54.54545]"
['Marquise Brown'],"['Longest Receptionunder', 23.5, 52.38095]"
['Noah Fant'],"['Rec Ydsover', 26.5, 53.48837]"
['Noah Fant'],"['Rec Ydsunder', 26.5, 53.48837]"
['Noah Fant'],"['Receptionsover', 2.5, 59.18367]"
['Noah Fant'],"['Receptionsunder', 2.5, 47.61905]"
['Noah Fant'],"['Longest Receptionover', 14.5, 52.38095]"
['Noah Fant'],"['Longest Receptionunder', 14.5, 54.54545]"
['Tyler Lockett'],"['Rec Ydsover', 69.5, 53.48837]"
['Tyler Lockett'],"['Rec Ydsunder', 69.5, 53.48837]"
['Tyler Lockett'],"['Receptionsover', 5.5, 58.33333]"
['Tyler Lockett'],"['Receptionsunder', 5.5, 50.0]"
['Tyler Lockett'],"['Longest Receptionover', 25.5, 53.48837]"
['Tyler Lockett'],"['Longest Receptionunder', 25.5, 53.48837]"
['Will Dissly'],"['Rec Ydsover', 19.5, 54.54545]"
['Will Dissly'],"['Rec Ydsunder', 19.5, 52.38095]"
['Will Dissly'],"['Receptionsover', 2.5, 44.44444]"
['Will Dissly'],"['Receptionsunder', 2.5, 62.26415]"
['Will Dissly'],"['Longest Receptionover', 12.5, 52.38095]"
['Will Dissly'],"['Longest Receptionunder', 12.5, 54.54545]"
['Zach Ertz'],"['Rec Ydsover', 48.5, 53.48837]"
['Zach Ertz'],"['Rec Ydsunder', 48.5, 53.48837]"
['Zach Ertz'],"['Receptionsover', 4.5, 60.78431]"
['Zach Ertz'],"['Receptionsunder', 4.5, 45.45455]"
['Zach Ertz'],"['Longest Receptionover', 17.5, 54.54545]"
['Zach Ertz'],"['Longest Receptionunder', 17.5, 52.38095]"
['Allen Robinson II'],"['Rec Ydsover', 32.5, 51.21951]"
['Allen Robinson II'],"['Rec Ydsunder', 32.5, 56.52174]"
['Allen Robinson II'],"['Receptionsover', 2.5, 62.96296]"
['Allen Robinson II'],"['Receptionsunder', 2.5, 44.44444]"
['Allen Robinson II'],"['Longest Receptionover', 16.5, 55.55556]"
['Allen Robinson II'],"['Longest Receptionunder', 16.5, 51.21951]"
['Ben Skowronek'],"['Rec Ydsover', 36.5, 53.48837]"
['Ben Skowronek'],"['Rec Ydsunder', 36.5, 53.48837]"
['Ben Skowronek'],"['Receptionsover', 3.5, 46.51163]"
['Ben Skowronek'],"['Receptionsunder', 3.5, 60.0]"
['Ben Skowronek'],"['Longest Receptionover', 17.5, 53.48837]"
['Ben Skowronek'],"['Longest Receptionunder', 17.5, 53.48837]"
['Cooper Kupp'],"['Rec Ydsover', 90.5, 53.48837]"
['Cooper Kupp'],"['Rec Ydsunder', 90.5, 53.48837]"
['Cooper Kupp'],"['Receptionsover', 7.5, 59.18367]"
['Cooper Kupp'],"['Receptionsunder', 7.5, 47.61905]"
['Cooper Kupp'],"['Longest Receptionover', 25.5, 53.48837]"
['Cooper Kupp'],"['Longest Receptionunder', 25.5, 53.48837]"
['DJ Moore'],"['Rec Ydsover', 53.5, 53.48837]"
['DJ Moore'],"['Rec Ydsunder', 53.5, 53.48837]"
['DJ Moore'],"['Receptionsover', 4.5, 52.38095]"
['DJ Moore'],"['Receptionsunder', 4.5, 55.55556]"
['DJ Moore'],"['Longest Receptionover', 20.5, 54.54545]"
['DJ Moore'],"['Longest Receptionunder', 20.5, 52.38095]"
['Ian Thomas'],"['Rec Ydsover', 8.5, 54.54545]"
['Ian Thomas'],"['Rec Ydsunder', 8.5, 52.38095]"
['Ian Thomas'],"['Receptionsover', 1.5, 43.47826]"
['Ian Thomas'],"['Receptionsunder', 1.5, 63.63636]"
['Tyler Higbee'],"['Rec Ydsover', 56.5, 54.54545]"
['Tyler Higbee'],"['Rec Ydsunder', 56.5, 52.38095]"
['Tyler Higbee'],"['Receptionsover', 5.5, 53.48837]"
['Tyler Higbee'],"['Receptionsunder', 5.5, 52.38095]"
['Tyler Higbee'],"['Longest Receptionover', 18.5, 47.61905]"
['Tyler Higbee'],"['Longest Receptionunder', 18.5, 58.33333]"
['Dawson Knox'],"['Rec Ydsover', 31.5, 52.38095]"
['Dawson Knox'],"['Rec Ydsunder', 31.5, 54.54545]"
['Dawson Knox'],"['Receptionsover', 3.5, 47.61905]"
['Dawson Knox'],"['Receptionsunder', 3.5, 60.0]"
['Dawson Knox'],"['Longest Receptionover', 15.5, 54.54545]"
['Dawson Knox'],"['Longest Receptionunder', 15.5, 52.38095]"
['Gabriel Davis'],"['Rec Ydsover', 56.5, 54.54545]"
['Gabriel Davis'],"['Rec Ydsunder', 56.5, 52.38095]"
['Gabriel Davis'],"['Receptionsover', 3.5, 62.96296]"
['Gabriel Davis'],"['Receptionsunder', 3.5, 44.44444]"
['Gabriel Davis'],"['Longest Receptionover', 22.5, 54.54545]"
['Gabriel Davis'],"['Longest Receptionunder', 22.5, 52.38095]"
['Isaiah McKenzie'],"['Rec Ydsover', 35.5, 52.38095]"
['Isaiah McKenzie'],"['Rec Ydsunder', 35.5, 54.54545]"
['Isaiah McKenzie'],"['Receptionsover', 3.5, 54.54545]"
['Isaiah McKenzie'],"['Receptionsunder', 3.5, 52.38095]"
['Isaiah McKenzie'],"['Longest Receptionover', 16.5, 52.38095]"
['Isaiah McKenzie'],"['Longest Receptionunder', 16.5, 54.54545]"
['JuJu Smith-Schuster'],"['Rec Ydsover', 50.5, 53.48837]"
['JuJu Smith-Schuster'],"['Rec Ydsunder', 50.5, 53.48837]"
['JuJu Smith-Schuster'],"['Receptionsover', 4.5, 60.78431]"
['JuJu Smith-Schuster'],"['Receptionsunder', 4.5, 45.45455]"
['JuJu Smith-Schuster'],"['Longest Receptionover', 18.5, 54.54545]"
['JuJu Smith-Schuster'],"['Longest Receptionunder', 18.5, 52.38095]"
['Marquez Valdes-Scantling'],"['Rec Ydsover', 45.5, 53.48837]"
['Marquez Valdes-Scantling'],"['Rec Ydsunder', 45.5, 53.48837]"
['Marquez Valdes-Scantling'],"['Receptionsover', 3.5, 60.0]"
['Marquez Valdes-Scantling'],"['Receptionsunder', 3.5, 47.61905]"
['Marquez Valdes-Scantling'],"['Longest Receptionover', 20.5, 53.48837]"
['Marquez Valdes-Scantling'],"['Longest Receptionunder', 20.5, 53.48837]"
['Mecole Hardman'],"['Rec Ydsover', 25.5, 54.54545]"
['Mecole Hardman'],"['Rec Ydsunder', 25.5, 52.38095]"
['Mecole Hardman'],"['Receptionsover', 2.5, 58.33333]"
['Mecole Hardman'],"['Receptionsunder', 2.5, 48.78049]"
['Mecole Hardman'],"['Longest Receptionover', 14.5, 52.38095]"
['Mecole Hardman'],"['Longest Receptionunder', 14.5, 54.54545]"
['Noah Gray'],"['Rec Ydsover', 9.5, 54.54545]"
['Noah Gray'],"['Rec Ydsunder', 9.5, 52.38095]"
['Skyy Moore'],"['Rec Ydsover', 18.5, 53.48837]"
['Skyy Moore'],"['Rec Ydsunder', 18.5, 53.48837]"
['Skyy Moore'],"['Receptionsover', 1.5, 60.0]"
['Skyy Moore'],"['Receptionsunder', 1.5, 47.61905]"
['Skyy Moore'],"['Longest Receptionover', 12.5, 55.55556]"
['Skyy Moore'],"['Longest Receptionunder', 12.5, 51.21951]"
['Stefon Diggs'],"['Rec Ydsover', 87.5, 53.48837]"
['Stefon Diggs'],"['Rec Ydsunder', 87.5, 53.48837]"
['Stefon Diggs'],"['Receptionsover', 6.5, 60.78431]"
['Stefon Diggs'],"['Receptionsunder', 6.5, 46.51163]"
['Stefon Diggs'],"['Longest Receptionover', 25.5, 54.54545]"
['Stefon Diggs'],"['Longest Receptionunder', 25.5, 52.38095]"
['Travis Kelce'],"['Rec Ydsover', 79.5, 53.48837]"
['Travis Kelce'],"['Rec Ydsunder', 79.5, 53.48837]"
['Travis Kelce'],"['Receptionsover', 6.5, 53.48837]"
['Travis Kelce'],"['Receptionsunder', 6.5, 53.48837]"
['Travis Kelce'],"['Longest Receptionover', 22.5, 55.55556]"
['Travis Kelce'],"['Longest Receptionunder', 22.5, 51.21951]"
['A.J. Brown'],"['Rec Ydsover', 67.5, 56.52174]"
['A.J. Brown'],"['Rec Ydsunder', 67.5, 50.0]"
['A.J. Brown'],"['Receptionsover', 4.5, 60.78431]"
['A.J. Brown'],"['Receptionsunder', 4.5, 45.45455]"
['A.J. Brown'],"['Longest Receptionover', 25.5, 52.38095]"
['A.J. Brown'],"['Longest Receptionunder', 25.5, 54.54545]"
['CeeDee Lamb'],"['Rec Ydsover', 60.5, 53.48837]"
['CeeDee Lamb'],"['Rec Ydsunder', 60.5, 53.48837]"
['CeeDee Lamb'],"['Receptionsover', 5.5, 46.51163]"
['CeeDee Lamb'],"['Receptionsunder', 5.5, 60.0]"
['CeeDee Lamb'],"['Longest Receptionover', 22.5, 52.38095]"
['CeeDee Lamb'],"['Longest Receptionunder', 22.5, 54.54545]"
['Dallas Goedert'],"['Rec Ydsover', 45.5, 53.48837]"
['Dallas Goedert'],"['Rec Ydsunder', 45.5, 53.48837]"
['Dallas Goedert'],"['Receptionsover', 4.5, 48.78049]"
['Dallas Goedert'],"['Receptionsunder', 4.5, 58.33333]"
['Dallas Goedert'],"['Longest Receptionover', 19.5, 54.54545]"
['Dallas Goedert'],"['Longest Receptionunder', 19.5, 52.38095]"
['DeVonta Smith'],"['Rec Ydsover', 51.5, 53.48837]"
['DeVonta Smith'],"['Rec Ydsunder', 51.5, 53.48837]"
['DeVonta Smith'],"['Receptionsover', 3.5, 63.63636]"
['DeVonta Smith'],"['Receptionsunder', 3.5, 43.47826]"
['DeVonta Smith'],"['Longest Receptionover', 21.5, 54.54545]"
['DeVonta Smith'],"['Longest Receptionunder', 21.5, 52.38095]"
['Michael Gallup'],"['Rec Ydsover', 40.5, 53.48837]"
['Michael Gallup'],"['Rec Ydsunder', 40.5, 53.48837]"
['Michael Gallup'],"['Receptionsover', 3.5, 46.51163]"
['Michael Gallup'],"['Receptionsunder', 3.5, 60.78431]"
['Michael Gallup'],"['Longest Receptionover', 19.5, 51.21951]"
['Michael Gallup'],"['Longest Receptionunder', 19.5, 55.55556]"
['Noah Brown'],"['Rec Ydsover', 36.5, 53.48837]"
['Noah Brown'],"['Rec Ydsunder', 36.5, 53.48837]"
['Noah Brown'],"['Receptionsover', 3.5, 46.51163]"
['Noah Brown'],"['Receptionsunder', 3.5, 60.0]"
['Noah Brown'],"['Longest Receptionover', 17.5, 51.21951]"
['Noah Brown'],"['Longest Receptionunder', 17.5, 55.55556]"
['Quez Watkins'],"['Rec Ydsover', 13.5, 53.48837]"
['Quez Watkins'],"['Rec Ydsunder', 13.5, 53.48837]"
['Quez Watkins'],"['Receptionsover', 1.5, 46.51163]"
['Quez Watkins'],"['Receptionsunder', 1.5, 60.78431]"
['Quez Watkins'],"['Longest Receptionover', 10.5, 54.54545]"
['Quez Watkins'],"['Longest Receptionunder', 10.5, 52.38095]"
['Courtland Sutton'],"['Rec Ydsover', 68.5, 53.48837]"
['Courtland Sutton'],"['Rec Ydsunder', 68.5, 53.48837]"
['Courtland Sutton'],"['Longest Receptionover', 25.5, 54.54545]"
['Courtland Sutton'],"['Longest Receptionunder', 25.5, 52.38095]"
['Jerry Jeudy'],"['Rec Ydsover', 53.5, 53.48837]"
['Jerry Jeudy'],"['Rec Ydsunder', 53.5, 53.48837]"
['Jerry Jeudy'],"['Longest Receptionover', 22.5, 52.38095]"
['Jerry Jeudy'],"['Longest Receptionunder', 22.5, 54.54545]"
['Mike Williams'],"['Rec Ydsover', 64.5, 53.48837]"
['Mike Williams'],"['Rec Ydsunder', 64.5, 53.48837]"
['Grady Jarrett'],"['Sacksover', 0.75, 43.47826]"
['Grady Jarrett'],"['Sacksunder', 0.75, 62.96296]"
['Grady Jarrett'],"['Tackles + Astover', 3.5, 60.0]"
['Grady Jarrett'],"['Tackles + Astunder', 3.5, 46.51163]"
['Lorenzo Carter'],"['Sacksover', 0.75, 30.76923]"
['Lorenzo Carter'],"['Sacksunder', 0.75, 76.19048]"
['Lorenzo Carter'],"['Tackles + Astover', 4.5, 44.44444]"
['Lorenzo Carter'],"['Tackles + Astunder', 4.5, 62.26415]"
['Samson Ebukam'],"['Sacksover', 0.75, 46.51163]"
['Samson Ebukam'],"['Sacksunder', 0.75, 60.78431]"
['Dexter Lawrence II'],"['Sacksover', 0.75, 35.08772]"
['Dexter Lawrence II'],"['Sacksunder', 0.75, 72.22222]"
['Kayvon Thibodeaux'],"['Sacksover', 0.75, 35.71429]"
['Kayvon Thibodeaux'],"['Sacksunder', 0.75, 71.42857]"
['Leonard Williams'],"['Sacksover', 0.75, 32.25806]"
['Leonard Williams'],"['Sacksunder', 0.75, 74.35897]"
['Odafe Oweh'],"['Sacksover', 0.75, 40.81633]"
['Odafe Oweh'],"['Sacksunder', 0.75, 66.10169]"
['Odafe Oweh'],"['Tackles + Astover', 4.5, 52.38095]"
['Odafe Oweh'],"['Tackles + Astunder', 4.5, 54.54545]"
['Carl Lawson'],"['Sacksover', 0.25, 28.57143]"
['Carl Lawson'],"['Sacksunder', 0.25, 78.26087]"
['Dean Lowry'],"['Sacksover', 0.25, 25.31646]"
['Dean Lowry'],"['Sacksunder', 0.25, 81.81818]"
['Jarran Reed'],"['Sacksover', 0.25, 33.89831]"
['Jarran Reed'],"['Sacksunder', 0.25, 73.33333]"
['Kenny Clark'],"['Sacksover', 0.75, 38.46154]"
['Kenny Clark'],"['Sacksunder', 0.75, 68.75]"
['Kenny Clark'],"['Tackles + Astover', 3.5, 54.54545]"
['Kenny Clark'],"['Tackles + Astunder', 3.5, 52.38095]"
['Quinnen Williams'],"['Sacksover', 0.75, 28.57143]"
['Quinnen Williams'],"['Sacksunder', 0.75, 78.26087]"
['Myles Garrett'],"['Sacksover', 0.25, 58.33333]"
['Myles Garrett'],"['Sacksunder', 0.25, 48.78049]"
['Myles Garrett'],"['Tackles + Astover', 3.5, 45.45455]"
['Myles Garrett'],"['Tackles + Astunder', 3.5, 61.53846]"
['Myles Garrett'],"['Solo Tacklesover', 2.5, 41.66667]"
['Myles Garrett'],"['Solo Tacklesunder', 2.5, 65.51724]"
['Myles Garrett'],"['Assistsover', 0.5, 67.21311]"
['Myles Garrett'],"['Assistsunder', 0.5, 40.0]"
['Danielle Hunter'],"['Sacksover', 0.75, 40.0]"
['Danielle Hunter'],"['Sacksunder', 0.75, 66.66667]"
"[""Za'Darius Smith""]","['Sacksover', 0.75, 40.81633]"
"[""Za'Darius Smith""]","['Sacksunder', 0.75, 66.10169]"
['Darrell Taylor'],"['Sacksover', 0.75, 36.36364]"
['Darrell Taylor'],"['Sacksunder', 0.75, 70.58824]"
['J.J. Watt'],"['Sacksover', 0.25, 56.52174]"
['J.J. Watt'],"['Sacksunder', 0.25, 50.0]"
['Uchenna Nwosu'],"['Sacksover', 0.75, 38.46154]"
['Uchenna Nwosu'],"['Sacksunder', 0.75, 68.25397]"
['Brandon Graham'],"['Sacksover', 0.75, 31.25]"
['Brandon Graham'],"['Sacksunder', 0.75, 75.60976]"
['DeMarcus Lawrence'],"['Sacksover', 0.75, 29.85075]"
['DeMarcus Lawrence'],"['Sacksunder', 0.75, 77.27273]"
['Dorance Armstrong'],"['Sacksover', 0.75, 42.55319]"
['Dorance Armstrong'],"['Sacksunder', 0.75, 64.28571]"
['Fletcher Cox'],"['Sacksover', 0.75, 32.78689]"
['Fletcher Cox'],"['Sacksunder', 0.75, 74.35897]"
['Haason Reddick'],"['Sacksover', 0.75, 46.51163]"
['Haason Reddick'],"['Sacksunder', 0.75, 60.78431]"
['Haason Reddick'],"['Tackles + Astover', 3.5, 46.51163]"
['Haason Reddick'],"['Tackles + Astunder', 3.5, 60.78431]"
['Josh Sweat'],"['Sacksover', 0.75, 39.21569]"
['Josh Sweat'],"['Sacksunder', 0.75, 68.25397]"
['Micah Parsons'],"['Sacksover', 0.75, 51.21951]"
['Micah Parsons'],"['Sacksunder', 0.75, 55.55556]"
['Micah Parsons'],"['Tackles + Astover', 4.5, 51.21951]"
['Micah Parsons'],"['Tackles + Astunder', 4.5, 55.55556]"
['A.J. Terrell'],"['Tackles + Astover', 4.5, 44.44444]"
['A.J. Terrell'],"['Tackles + Astunder', 4.5, 62.26415]"
['Casey Hayward Jr.'],"['Tackles + Astover', 2.5, 60.78431]"
['Casey Hayward Jr.'],"['Tackles + Astunder', 2.5, 46.51163]"
['Charvarius Ward'],"['Tackles + Astover', 4.5, 52.38095]"
['Charvarius Ward'],"['Tackles + Astunder', 4.5, 54.54545]"
['Dre Greenlaw'],"['Tackles + Astover', 8.5, 51.21951]"
['Dre Greenlaw'],"['Tackles + Astunder', 8.5, 55.55556]"
['Fred Warner'],"['Tackles + Astover', 6.5, 60.78431]"
['Fred Warner'],"['Tackles + Astunder', 6.5, 46.51163]"
['Jaylinn Hawkins'],"['Tackles + Astover', 4.5, 58.33333]"
['Jaylinn Hawkins'],"['Tackles + Astunder', 4.5, 48.78049]"
['Rashaan Evans'],"['Tackles + Astover', 8.5, 46.51163]"
['Rashaan Evans'],"['Tackles + Astunder', 8.5, 60.0]"
['Richie Grant'],"['Tackles + Astover', 5.5, 53.48837]"
['Richie Grant'],"['Tackles + Astunder', 5.5, 53.48837]"
['Talanoa Hufanga'],"['Tackles + Astover', 5.5, 51.21951]"
['Talanoa Hufanga'],"['Tackles + Astunder', 5.5, 56.52174]"
['Calais Campbell'],"['Tackles + Astover', 3.5, 46.51163]"
['Calais Campbell'],"['Tackles + Astunder', 3.5, 60.0]"
['Chuck Clark'],"['Tackles + Astover', 5.5, 52.38095]"
['Chuck Clark'],"['Tackles + Astunder', 5.5, 54.54545]"
['Josh Bynes'],"['Tackles + Astover', 5.5, 60.78431]"
['Josh Bynes'],"['Tackles + Astunder', 5.5, 46.51163]"
['Julian Love'],"['Tackles + Astover', 5.5, 60.0]"
['Julian Love'],"['Tackles + Astunder', 5.5, 46.51163]"
['Marlon Humphrey'],"['Tackles + Astover', 3.5, 51.21951]"
['Marlon Humphrey'],"['Tackles + Astunder', 3.5, 56.52174]"
['Patrick Queen'],"['Tackles + Astover', 6.5, 51.21951]"
['Patrick Queen'],"['Tackles + Astunder', 6.5, 55.55556]"
['Tae Crowder'],"['Tackles + Astover', 6.5, 55.55556]"
['Tae Crowder'],"['Tackles + Astunder', 6.5, 51.21951]"
['Xavier McKinney'],"['Tackles + Astover', 4.5, 52.38095]"
['Xavier McKinney'],"['Tackles + Astunder', 4.5, 54.54545]"
['Ahmad Gardner'],"['Tackles + Astover', 3.5, 62.96296]"
['Ahmad Gardner'],"['Tackles + Astunder', 3.5, 43.47826]"
['C.J. Mosley'],"['Tackles + Astover', 9.5, 56.52174]"
['C.J. Mosley'],"['Tackles + Astunder', 9.5, 51.21951]"
['D.J. Reed Jr.'],"['Tackles + Astover', 4.5, 43.47826]"
['D.J. Reed Jr.'],"['Tackles + Astunder', 4.5, 63.63636]"
['Darnell Savage'],"['Tackles + Astover', 3.5, 59.18367]"
['Darnell Savage'],"['Tackles + Astunder', 3.5, 47.61905]"
"[""De'Vondre Campbell""]","['Tackles + Astover', 7.5, 48.78049]"
"[""De'Vondre Campbell""]","['Tackles + Astunder', 7.5, 57.44681]"
['Eric Stokes'],"['Tackles + Astover', 3.5, 57.44681]"
['Eric Stokes'],"['Tackles + Astunder', 3.5, 50.0]"
['Jordan Whitehead'],"['Tackles + Astover', 4.5, 61.53846]"
['Jordan Whitehead'],"['Tackles + Astunder', 4.5, 45.45455]"
['Lamarcus Joyner'],"['Tackles + Astover', 5.5, 46.51163]"
['Lamarcus Joyner'],"['Tackles + Astunder', 5.5, 60.0]"
['Greg Newsome'],"['Tackles + Astover', 3.5, 46.51163]"
['Greg Newsome'],"['Tackles + Astunder', 3.5, 60.0]"
['Greg Newsome'],"['Solo Tacklesover', 2.5, 51.21951]"
['Greg Newsome'],"['Solo Tacklesunder', 2.5, 55.55556]"
['Greg Newsome'],"['Assistsover', 0.5, 58.33333]"
['Greg Newsome'],"['Assistsunder', 0.5, 48.78049]"
['Jeremiah Owusu-Koramoah'],"['Tackles + Astover', 5.5, 55.55556]"
['Jeremiah Owusu-Koramoah'],"['Tackles + Astunder', 5.5, 51.21951]"
['Jeremiah Owusu-Koramoah'],"['Solo Tacklesover', 3.5, 52.38095]"
['Jeremiah Owusu-Koramoah'],"['Solo Tacklesunder', 3.5, 54.54545]"
['Jeremiah Owusu-Koramoah'],"['Assistsover', 2.5, 41.66667]"
['Jeremiah Owusu-Koramoah'],"['Assistsunder', 2.5, 65.51724]"
['John Johnson III'],"['Tackles + Astover', 5.5, 46.51163]"
['John Johnson III'],"['Tackles + Astunder', 5.5, 60.78431]"
['John Johnson III'],"['Solo Tacklesover', 3.5, 52.38095]"
['John Johnson III'],"['Solo Tacklesunder', 3.5, 54.54545]"
['John Johnson III'],"['Assistsover', 1.5, 53.48837]"
['John Johnson III'],"['Assistsunder', 1.5, 53.48837]"
['Brandon Jones'],"['Tackles + Astover', 6.5, 46.51163]"
['Brandon Jones'],"['Tackles + Astunder', 6.5, 60.0]"
['Cameron Dantzler'],"['Tackles + Astover', 4.5, 47.61905]"
['Cameron Dantzler'],"['Tackles + Astunder', 4.5, 59.18367]"
['Camryn Bynum'],"['Tackles + Astover', 4.5, 62.26415]"
['Camryn Bynum'],"['Tackles + Astunder', 4.5, 44.44444]"
['Chandon Sullivan'],"['Tackles + Astover', 3.5, 51.21951]"
['Chandon Sullivan'],"['Tackles + Astunder', 3.5, 55.55556]"
['Christian Wilkins'],"['Tackles + Astover', 5.5, 47.61905]"
['Christian Wilkins'],"['Tackles + Astunder', 5.5, 59.18367]"
['Elandon Roberts'],"['Tackles + Astover', 5.5, 48.78049]"
['Elandon Roberts'],"['Tackles + Astunder', 5.5, 58.33333]"
['Eric Kendricks'],"['Tackles + Astover', 7.5, 56.52174]"
['Eric Kendricks'],"['Tackles + Astunder', 7.5, 50.0]"
['Harrison Smith'],"['Tackles + Astover', 5.5, 58.33333]"
['Harrison Smith'],"['Tackles + Astunder', 5.5, 48.78049]"
['Jerome Baker'],"['Tackles + Astover', 5.5, 60.78431]"
['Jerome Baker'],"['Tackles + Astunder', 5.5, 46.51163]"
['Jevon Holland'],"['Tackles + Astover', 4.5, 52.38095]"
['Jevon Holland'],"['Tackles + Astunder', 4.5, 54.54545]"
['Jordan Hicks'],"['Tackles + Astover', 7.5, 51.21951]"
['Jordan Hicks'],"['Tackles + Astunder', 7.5, 56.52174]"
['Nik Needham'],"['Tackles + Astover', 3.5, 60.78431]"
['Nik Needham'],"['Tackles + Astunder', 3.5, 45.45455]"
['Patrick Peterson'],"['Tackles + Astover', 3.5, 48.78049]"
['Patrick Peterson'],"['Tackles + Astunder', 3.5, 58.33333]"
['Xavien Howard'],"['Tackles + Astover', 3.5, 53.48837]"
['Xavien Howard'],"['Tackles + Astunder', 3.5, 53.48837]"
['B.J. Hill'],"['Tackles + Astover', 3.5, 54.54545]"
['B.J. Hill'],"['Tackles + Astunder', 3.5, 52.38095]"
['Demario Davis'],"['Tackles + Astover', 5.5, 60.0]"
['Demario Davis'],"['Tackles + Astunder', 5.5, 47.61905]"
['Germaine Pratt'],"['Tackles + Astover', 7.5, 59.18367]"
['Germaine Pratt'],"['Tackles + Astunder', 7.5, 47.61905]"
['Jessie Bates'],"['Tackles + Astover', 4.5, 52.38095]"
['Jessie Bates'],"['Tackles + Astunder', 4.5, 54.54545]"
['Pete Werner'],"['Tackles + Astover', 8.5, 47.61905]"
['Pete Werner'],"['Tackles + Astunder', 8.5, 59.18367]"
['Sam Hubbard'],"['Tackles + Astover', 3.5, 59.18367]"
['Sam Hubbard'],"['Tackles + Astunder', 3.5, 47.61905]"
['Vonn Bell'],"['Tackles + Astover', 5.5, 52.38095]"
['Vonn Bell'],"['Tackles + Astunder', 5.5, 54.54545]"
['Budda Baker'],"['Tackles + Astover', 5.5, 60.0]"
['Budda Baker'],"['Tackles + Astunder', 5.5, 46.51163]"
['Cody Barton'],"['Tackles + Astover', 8.5, 51.21951]"
['Cody Barton'],"['Tackles + Astunder', 8.5, 56.52174]"
['Jalen Thompson'],"['Tackles + Astover', 6.5, 50.0]"
['Jalen Thompson'],"['Tackles + Astunder', 6.5, 56.52174]"
['Jordyn Brooks'],"['Tackles + Astover', 9.5, 56.52174]"
['Jordyn Brooks'],"['Tackles + Astunder', 9.5, 51.21951]"
['Quandre Diggs'],"['Tackles + Astover', 4.5, 59.18367]"
['Quandre Diggs'],"['Tackles + Astunder', 4.5, 47.61905]"
['Tariq Woolen'],"['Tackles + Astover', 3.5, 50.0]"
['Tariq Woolen'],"['Tackles + Astunder', 3.5, 57.44681]"
['Zaven Collins'],"['Tackles + Astover', 6.5, 51.21951]"
['Zaven Collins'],"['Tackles + Astunder', 6.5, 55.55556]"
